semantic_similarity,skill_match,experience_match,education_match,profile_completeness,label,source
45.41,10.32,75.0,90.0,80.0,0.1114,hf_fit
70.95,25.38,90.0,85.0,80.0,0.7436,hf_fit
45.55,8.16,100.0,90.0,80.0,0.0774,hf_fit
56.57,13.75,100.0,80.0,80.0,0.8877,hf_fit
40.49,6.51,100.0,90.0,80.0,0.833,hf_fit
46.88,6.19,100.0,90.0,80.0,0.7997,hf_fit
55.9,6.79,100.0,85.0,80.0,0.689,hf_fit
52.21,20.0,0.0,90.0,100.0,0.689,hf_fit
38.32,4.53,0.0,80.0,80.0,0.2207,hf_fit
40.72,5.85,50.0,90.0,80.0,0.0996,hf_fit
53.43,5.0,90.0,85.0,80.0,0.6645,hf_fit
30.7,1.12,75.0,80.0,80.0,0.2914,hf_fit
33.16,3.67,0.0,50.0,80.0,0.0621,hf_fit
45.35,11.85,50.0,50.0,80.0,0.2593,hf_fit
51.2,5.41,100.0,80.0,80.0,0.8665,hf_fit
57.9,4.38,70.0,85.0,80.0,0.8003,hf_fit
26.75,3.67,75.0,90.0,80.0,0.209,hf_fit
28.45,4.44,0.0,50.0,80.0,0.827,hf_fit
39.75,4.38,100.0,50.0,80.0,0.6551,hf_fit
50.89,3.31,25.0,30.0,80.0,0.0643,hf_fit
30.84,8.82,75.0,100.0,100.0,0.1072,hf_fit
41.71,12.0,100.0,85.0,80.0,0.8925,hf_fit
42.32,5.58,0.0,50.0,80.0,0.1565,hf_fit
28.43,3.24,50.0,80.0,80.0,0.2547,hf_fit
75.87,6.79,100.0,85.0,80.0,0.8581,hf_fit
39.81,5.0,100.0,85.0,80.0,0.2056,hf_fit
51.76,5.95,100.0,85.0,80.0,0.1415,hf_fit
30.86,2.96,40.0,90.0,80.0,0.261,hf_fit
53.02,3.2,75.0,50.0,80.0,0.2288,hf_fit
41.03,6.41,0.0,30.0,80.0,0.7031,hf_fit
56.26,8.89,0.0,80.0,80.0,0.6955,hf_fit
23.66,0.0,40.0,90.0,80.0,0.1038,hf_fit
55.81,16.0,50.0,80.0,80.0,0.6959,hf_fit
54.0,5.83,0.0,80.0,80.0,0.7261,hf_fit
46.47,16.0,0.0,80.0,80.0,0.1114,hf_fit
45.83,8.57,0.0,90.0,72.0,0.7812,hf_fit
53.3,2.09,100.0,85.0,80.0,0.758,hf_fit
54.55,2.13,0.0,30.0,72.0,0.7228,hf_fit
46.97,4.17,80.0,85.0,80.0,0.803,hf_fit
38.74,3.43,0.0,85.0,80.0,0.6849,hf_fit
39.4,4.53,25.0,50.0,80.0,0.723,hf_fit
40.78,2.16,70.0,100.0,80.0,0.2337,hf_fit
33.07,0.0,100.0,90.0,80.0,0.2843,hf_fit
65.49,5.75,0.0,80.0,80.0,0.7416,hf_fit
51.1,9.23,80.0,90.0,80.0,0.764,hf_fit
42.32,18.64,100.0,90.0,80.0,0.8463,hf_fit
38.01,7.81,0.0,50.0,80.0,0.6999,hf_fit
59.42,5.75,0.0,80.0,80.0,0.7786,hf_fit
41.47,4.31,0.0,50.0,80.0,0.267,hf_fit
33.78,8.0,0.0,90.0,80.0,0.1175,hf_fit
35.83,1.38,0.0,50.0,80.0,0.1783,hf_fit
20.6,3.08,0.0,85.0,80.0,0.7981,hf_fit
44.8,6.0,70.0,85.0,80.0,0.6616,hf_fit
39.95,15.0,100.0,50.0,80.0,0.1403,hf_fit
53.01,5.45,100.0,85.0,80.0,0.8019,hf_fit
35.13,4.16,60.0,50.0,80.0,0.6926,hf_fit
50.51,5.68,0.0,80.0,80.0,0.1151,hf_fit
38.85,1.46,0.0,80.0,72.0,0.2813,hf_fit
50.82,7.5,0.0,50.0,80.0,0.2564,hf_fit
51.04,7.85,75.0,90.0,100.0,0.2654,hf_fit
24.24,1.32,40.0,90.0,80.0,0.0679,hf_fit
47.1,3.2,0.0,80.0,72.0,0.6663,hf_fit
36.72,8.12,25.0,90.0,80.0,0.8872,hf_fit
46.18,2.26,100.0,80.0,80.0,0.8914,hf_fit
37.96,8.73,100.0,85.0,80.0,0.8521,hf_fit
57.96,2.22,50.0,85.0,80.0,0.7262,hf_fit
31.53,0.0,100.0,85.0,65.0,0.22,hf_fit
33.06,4.38,100.0,50.0,80.0,0.2974,hf_fit
49.51,6.79,0.0,90.0,80.0,0.6744,hf_fit
47.37,3.53,75.0,80.0,80.0,0.2017,hf_fit
56.97,8.44,100.0,90.0,80.0,0.8211,hf_fit
41.33,5.9,40.0,80.0,80.0,0.1745,hf_fit
64.94,9.52,75.0,50.0,80.0,0.0605,hf_fit
34.41,2.77,25.0,90.0,80.0,0.1876,hf_fit
43.38,2.33,0.0,90.0,80.0,0.236,hf_fit
27.25,2.86,100.0,85.0,80.0,0.1311,hf_fit
54.0,3.75,25.0,50.0,80.0,0.76,hf_fit
41.14,5.22,0.0,90.0,80.0,0.2913,hf_fit
47.59,6.76,0.0,80.0,72.0,0.0786,hf_fit
40.0,0.0,0.0,100.0,80.0,0.1623,hf_fit
22.98,4.97,100.0,50.0,80.0,0.1154,hf_fit
39.98,16.8,100.0,50.0,80.0,0.6805,hf_fit
28.17,1.18,100.0,90.0,80.0,0.0689,hf_fit
40.58,7.57,0.0,80.0,80.0,0.0902,hf_fit
43.66,11.85,0.0,50.0,80.0,0.1946,hf_fit
53.2,5.45,50.0,100.0,80.0,0.2685,hf_fit
38.31,4.0,50.0,85.0,80.0,0.7738,hf_fit
45.08,9.23,25.0,80.0,80.0,0.6586,hf_fit
39.56,5.88,90.0,85.0,80.0,0.8773,hf_fit
70.39,25.38,100.0,85.0,80.0,0.7147,hf_fit
41.32,9.32,75.0,90.0,80.0,0.2246,hf_fit
33.89,8.89,0.0,30.0,72.0,0.2561,hf_fit
31.24,4.02,100.0,90.0,80.0,0.226,hf_fit
19.4,1.76,25.0,90.0,80.0,0.0597,hf_fit
26.06,2.73,0.0,85.0,80.0,0.8156,hf_fit
50.53,2.13,0.0,80.0,80.0,0.7279,hf_fit
28.54,0.0,50.0,85.0,80.0,0.1976,hf_fit
48.73,4.71,100.0,85.0,72.0,0.1151,hf_fit
45.8,8.89,50.0,80.0,80.0,0.78,hf_fit
43.24,11.16,0.0,50.0,80.0,0.2383,hf_fit
36.71,7.14,75.0,90.0,80.0,0.1016,hf_fit
71.73,8.45,100.0,50.0,80.0,0.7867,hf_fit
44.26,3.92,100.0,85.0,80.0,0.6962,hf_fit
66.91,3.96,50.0,90.0,80.0,0.8924,hf_fit
28.58,8.0,100.0,85.0,80.0,0.8438,hf_fit
12.84,2.82,25.0,90.0,72.0,0.8849,hf_fit
51.34,2.55,0.0,30.0,80.0,0.2328,hf_fit
45.48,7.27,25.0,85.0,80.0,0.1538,hf_fit
58.64,2.26,0.0,90.0,80.0,0.2705,hf_fit
55.42,5.22,0.0,50.0,80.0,0.8737,hf_fit
48.49,7.5,0.0,90.0,80.0,0.7995,hf_fit
35.96,3.08,0.0,90.0,80.0,0.3168,hf_fit
48.02,0.0,100.0,90.0,80.0,0.8805,hf_fit
12.94,2.88,100.0,90.0,80.0,0.0922,hf_fit
48.76,4.49,0.0,85.0,80.0,0.2937,hf_fit
47.92,9.73,80.0,100.0,80.0,0.0923,hf_fit
33.36,3.64,100.0,90.0,80.0,0.0814,hf_fit
38.69,5.71,70.0,85.0,80.0,0.2749,hf_fit
34.57,2.07,80.0,30.0,80.0,0.6721,hf_fit
45.73,8.81,90.0,50.0,80.0,0.2112,hf_fit
45.24,5.22,0.0,50.0,80.0,0.32,hf_fit
47.04,15.38,100.0,85.0,80.0,0.699,hf_fit
37.24,5.75,0.0,80.0,80.0,0.07,hf_fit
21.69,0.0,0.0,85.0,72.0,0.2012,hf_fit
58.53,0.0,50.0,100.0,80.0,0.6613,hf_fit
74.94,6.4,0.0,80.0,80.0,0.1711,hf_fit
32.92,4.83,100.0,50.0,80.0,0.7313,hf_fit
48.54,10.37,0.0,80.0,80.0,0.7472,hf_fit
28.67,8.46,0.0,90.0,80.0,0.7178,hf_fit
52.05,13.33,100.0,85.0,80.0,0.1545,hf_fit
55.67,6.25,50.0,50.0,80.0,0.8572,hf_fit
63.62,8.0,25.0,90.0,80.0,0.7392,hf_fit
31.35,0.81,100.0,90.0,80.0,0.2443,hf_fit
46.27,6.32,100.0,85.0,80.0,0.7202,hf_fit
42.61,6.36,100.0,100.0,80.0,0.0839,hf_fit
51.81,2.0,0.0,30.0,72.0,0.7857,hf_fit
35.07,5.0,100.0,85.0,80.0,0.1173,hf_fit
41.63,1.46,40.0,85.0,80.0,0.2322,hf_fit
29.82,5.66,75.0,80.0,80.0,0.6852,hf_fit
42.25,3.05,0.0,85.0,80.0,0.8505,hf_fit
52.83,4.47,0.0,100.0,80.0,0.6686,hf_fit
48.08,6.86,0.0,85.0,80.0,0.2192,hf_fit
33.37,1.7,0.0,90.0,80.0,0.8967,hf_fit
27.39,7.5,0.0,85.0,80.0,0.8431,hf_fit
40.07,4.16,25.0,90.0,72.0,0.6997,hf_fit
40.92,5.71,25.0,80.0,80.0,0.6514,hf_fit
49.67,1.18,75.0,90.0,80.0,0.0849,hf_fit
51.78,9.07,0.0,50.0,80.0,0.1101,hf_fit
48.01,0.0,0.0,85.0,80.0,0.2183,hf_fit
62.16,3.75,0.0,100.0,80.0,0.0685,hf_fit
40.01,3.4,0.0,90.0,80.0,0.3136,hf_fit
30.66,2.73,0.0,60.0,80.0,0.8539,hf_fit
44.12,6.79,100.0,80.0,80.0,0.3139,hf_fit
38.33,6.0,100.0,100.0,80.0,0.1074,hf_fit
45.31,1.98,100.0,85.0,80.0,0.8267,hf_fit
64.76,4.8,0.0,50.0,80.0,0.8323,hf_fit
36.32,4.23,100.0,85.0,80.0,0.1201,hf_fit
26.7,3.4,0.0,90.0,80.0,0.2271,hf_fit
25.88,1.97,75.0,90.0,80.0,0.3047,hf_fit
37.28,14.69,0.0,80.0,80.0,0.8428,hf_fit
33.62,1.69,25.0,85.0,72.0,0.6685,hf_fit
51.15,13.58,60.0,90.0,80.0,0.1787,hf_fit
27.83,4.14,0.0,50.0,80.0,0.1747,hf_fit
58.92,6.49,80.0,100.0,80.0,0.1164,hf_fit
24.98,3.31,25.0,90.0,80.0,0.1751,hf_fit
46.43,2.33,25.0,80.0,80.0,0.0788,hf_fit
30.76,5.45,40.0,85.0,80.0,0.7396,hf_fit
36.54,10.43,40.0,50.0,80.0,0.1536,hf_fit
10.05,3.38,70.0,85.0,80.0,0.2309,hf_fit
51.72,9.14,25.0,85.0,80.0,0.679,hf_fit
51.53,4.71,0.0,50.0,72.0,0.8658,hf_fit
33.93,1.73,60.0,80.0,80.0,0.0561,hf_fit
35.62,1.71,100.0,50.0,80.0,0.8058,hf_fit
40.04,1.85,0.0,90.0,80.0,0.7327,hf_fit
41.95,8.0,100.0,90.0,80.0,0.2086,hf_fit
75.17,16.0,0.0,80.0,80.0,0.6659,hf_fit
28.74,5.38,0.0,80.0,72.0,0.1463,hf_fit
57.49,8.0,0.0,50.0,80.0,0.7277,hf_fit
55.3,1.43,0.0,85.0,80.0,0.7313,hf_fit
63.01,7.3,50.0,80.0,80.0,0.1363,hf_fit
20.3,1.76,60.0,80.0,80.0,0.1997,hf_fit
45.56,9.06,0.0,80.0,80.0,0.8324,hf_fit
36.36,3.08,0.0,90.0,80.0,0.1085,hf_fit
32.64,6.86,0.0,85.0,80.0,0.2256,hf_fit
35.56,8.14,25.0,85.0,80.0,0.8094,hf_fit
49.36,5.22,25.0,80.0,80.0,0.8718,hf_fit
42.9,14.69,50.0,90.0,80.0,0.1206,hf_fit
26.67,1.17,75.0,90.0,80.0,0.0697,hf_fit
45.23,2.96,0.0,80.0,80.0,0.2891,hf_fit
26.48,2.91,90.0,85.0,80.0,0.7681,hf_fit
36.58,0.64,90.0,90.0,80.0,0.2721,hf_fit
60.68,14.74,100.0,100.0,80.0,0.6799,hf_fit
21.46,5.29,25.0,50.0,72.0,0.8283,hf_fit
38.11,10.14,0.0,80.0,80.0,0.8402,hf_fit
44.77,6.58,0.0,90.0,80.0,0.0928,hf_fit
11.29,1.29,50.0,30.0,80.0,0.2246,hf_fit
36.84,4.24,0.0,30.0,80.0,0.3002,hf_fit
46.91,3.64,25.0,85.0,80.0,0.1331,hf_fit
35.68,3.79,0.0,60.0,80.0,0.7903,hf_fit
29.77,1.8,40.0,100.0,80.0,0.0911,hf_fit
27.54,0.0,0.0,85.0,80.0,0.2388,hf_fit
27.41,2.62,100.0,30.0,80.0,0.2359,hf_fit
38.06,2.07,60.0,90.0,80.0,0.3001,hf_fit
40.16,4.14,100.0,85.0,80.0,0.8427,hf_fit
39.28,3.77,100.0,100.0,80.0,0.0608,hf_fit
32.24,1.32,100.0,90.0,80.0,0.1549,hf_fit
43.31,4.14,80.0,100.0,80.0,0.1506,hf_fit
38.94,4.92,0.0,80.0,80.0,0.7734,hf_fit
51.34,6.15,100.0,85.0,80.0,0.7807,hf_fit
49.93,10.53,60.0,100.0,80.0,0.7569,hf_fit
39.47,11.43,100.0,85.0,80.0,0.207,hf_fit
56.66,54.0,100.0,100.0,80.0,0.1137,hf_fit
47.64,1.83,0.0,80.0,100.0,0.1182,hf_fit
52.0,2.67,25.0,30.0,72.0,0.6564,hf_fit
20.29,0.0,75.0,30.0,80.0,0.0531,hf_fit
46.96,16.3,0.0,30.0,80.0,0.2204,hf_fit
58.05,7.83,0.0,90.0,80.0,0.677,hf_fit
50.72,3.31,75.0,80.0,80.0,0.6579,hf_fit
59.33,3.49,25.0,80.0,80.0,0.8091,hf_fit
40.82,11.11,100.0,80.0,80.0,0.2476,hf_fit
46.13,8.89,100.0,80.0,80.0,0.7286,hf_fit
43.29,3.53,100.0,85.0,80.0,0.7771,hf_fit
53.29,10.29,0.0,85.0,80.0,0.2157,hf_fit
42.73,0.0,0.0,85.0,80.0,0.2321,hf_fit
30.85,1.26,0.0,85.0,80.0,0.8769,hf_fit
54.12,16.84,0.0,80.0,80.0,0.0531,hf_fit
25.1,0.0,40.0,80.0,80.0,0.2542,hf_fit
49.4,4.59,0.0,80.0,80.0,0.1821,hf_fit
68.47,11.25,25.0,80.0,80.0,0.7123,hf_fit
42.16,6.27,0.0,100.0,80.0,0.7526,hf_fit
48.59,1.04,0.0,30.0,80.0,0.0726,hf_fit
34.3,1.47,25.0,85.0,80.0,0.8389,hf_fit
37.15,1.35,80.0,50.0,72.0,0.2965,hf_fit
45.9,3.7,50.0,80.0,80.0,0.7072,hf_fit
42.58,0.0,80.0,85.0,80.0,0.6692,hf_fit
34.44,4.96,25.0,80.0,80.0,0.7224,hf_fit
34.96,6.12,0.0,80.0,80.0,0.6903,hf_fit
35.65,5.33,100.0,50.0,80.0,0.8824,hf_fit
46.36,7.9,100.0,100.0,80.0,0.852,hf_fit
47.04,6.67,100.0,50.0,80.0,0.8084,hf_fit
40.45,8.73,50.0,90.0,80.0,0.8679,hf_fit
49.7,11.76,50.0,85.0,80.0,0.8509,hf_fit
42.85,4.75,0.0,90.0,80.0,0.1735,hf_fit
48.38,1.18,75.0,50.0,80.0,0.1157,hf_fit
56.38,0.0,0.0,85.0,80.0,0.1189,hf_fit
52.07,3.5,0.0,90.0,72.0,0.2736,hf_fit
41.4,2.0,0.0,90.0,80.0,0.2796,hf_fit
31.41,2.18,100.0,50.0,80.0,0.6966,hf_fit
38.1,2.45,100.0,30.0,80.0,0.1914,hf_fit
39.75,2.79,0.0,80.0,80.0,0.1148,hf_fit
36.52,10.59,100.0,85.0,80.0,0.2272,hf_fit
59.1,4.8,50.0,85.0,80.0,0.8731,hf_fit
48.12,1.28,100.0,100.0,80.0,0.1822,hf_fit
55.65,10.91,0.0,100.0,80.0,0.7848,hf_fit
26.64,14.55,25.0,85.0,80.0,0.8519,hf_fit
33.51,0.0,100.0,100.0,100.0,0.0741,hf_fit
42.58,8.7,0.0,80.0,80.0,0.874,hf_fit
25.51,5.87,40.0,30.0,60.0,0.2079,hf_fit
51.85,3.75,25.0,90.0,80.0,0.1686,hf_fit
35.59,7.5,50.0,85.0,80.0,0.217,hf_fit
52.92,10.71,70.0,100.0,80.0,0.7295,hf_fit
55.16,7.69,25.0,90.0,80.0,0.6775,hf_fit
44.52,10.43,100.0,85.0,80.0,0.707,hf_fit
44.86,7.27,25.0,85.0,72.0,0.7568,hf_fit
48.78,0.0,25.0,85.0,72.0,0.8545,hf_fit
43.23,4.38,70.0,50.0,80.0,0.8652,hf_fit
45.04,5.88,25.0,85.0,80.0,0.6517,hf_fit
55.22,12.17,50.0,85.0,80.0,0.7777,hf_fit
53.82,5.88,0.0,80.0,80.0,0.7544,hf_fit
49.12,3.43,0.0,85.0,80.0,0.3087,hf_fit
33.11,2.35,0.0,90.0,72.0,0.7055,hf_fit
35.06,11.25,100.0,85.0,80.0,0.68,hf_fit
57.59,12.97,40.0,100.0,80.0,0.1121,hf_fit
40.19,6.13,80.0,50.0,80.0,0.7344,hf_fit
45.83,5.71,0.0,80.0,80.0,0.8857,hf_fit
49.59,4.59,100.0,80.0,80.0,0.1445,hf_fit
33.06,5.81,40.0,50.0,80.0,0.0754,hf_fit
32.47,5.45,0.0,85.0,80.0,0.0953,hf_fit
21.04,8.52,100.0,90.0,80.0,0.7308,hf_fit
56.69,5.74,100.0,90.0,80.0,0.7797,hf_fit
34.64,1.45,40.0,50.0,80.0,0.3077,hf_fit
51.51,5.06,100.0,100.0,80.0,0.0642,hf_fit
42.95,12.0,25.0,50.0,80.0,0.8258,hf_fit
42.75,3.53,40.0,80.0,80.0,0.2064,hf_fit
25.11,2.07,100.0,30.0,80.0,0.0592,hf_fit
32.78,11.76,0.0,90.0,80.0,0.1221,hf_fit
33.44,2.49,40.0,50.0,80.0,0.1728,hf_fit
47.0,7.33,0.0,80.0,80.0,0.7409,hf_fit
44.87,6.96,50.0,85.0,80.0,0.0855,hf_fit
22.3,0.0,100.0,85.0,80.0,0.2545,hf_fit
46.19,2.91,0.0,90.0,80.0,0.125,hf_fit
40.42,2.79,0.0,80.0,80.0,0.2413,hf_fit
29.17,1.38,0.0,50.0,80.0,0.1069,hf_fit
45.74,6.23,100.0,50.0,80.0,0.8929,hf_fit
49.57,4.53,0.0,50.0,80.0,0.1455,hf_fit
50.29,12.0,0.0,50.0,72.0,0.8906,hf_fit
46.36,9.84,100.0,50.0,80.0,0.7129,hf_fit
41.0,11.85,0.0,80.0,80.0,0.241,hf_fit
24.15,1.87,100.0,80.0,72.0,0.2233,hf_fit
31.45,2.5,0.0,50.0,72.0,0.222,hf_fit
38.63,0.0,100.0,100.0,80.0,0.0851,hf_fit
35.89,4.69,0.0,80.0,80.0,0.2637,hf_fit
67.53,19.09,0.0,85.0,80.0,0.1462,hf_fit
39.69,6.09,100.0,85.0,80.0,0.7743,hf_fit
44.97,7.5,100.0,85.0,80.0,0.7252,hf_fit
35.1,5.71,100.0,85.0,80.0,0.7212,hf_fit
42.33,4.44,100.0,90.0,80.0,0.3109,hf_fit
47.34,1.04,0.0,30.0,80.0,0.2909,hf_fit
43.38,4.24,25.0,80.0,80.0,0.6592,hf_fit
39.66,0.0,100.0,85.0,80.0,0.1961,hf_fit
15.69,1.85,100.0,85.0,80.0,0.8024,hf_fit
47.68,5.22,60.0,85.0,80.0,0.7757,hf_fit
62.1,10.78,80.0,100.0,80.0,0.6629,hf_fit
42.53,4.14,70.0,90.0,80.0,0.115,hf_fit
7.37,3.31,100.0,100.0,80.0,0.7197,hf_fit
38.32,3.33,50.0,80.0,80.0,0.8771,hf_fit
46.94,6.67,100.0,90.0,80.0,0.7099,hf_fit
27.53,1.76,70.0,100.0,80.0,0.2828,hf_fit
57.09,8.0,100.0,80.0,80.0,0.6862,hf_fit
59.19,8.28,100.0,80.0,80.0,0.1657,hf_fit
42.98,2.09,0.0,10.0,72.0,0.7724,hf_fit
36.21,6.04,100.0,90.0,80.0,0.2977,hf_fit
48.86,14.4,0.0,80.0,80.0,0.8964,hf_fit
50.57,4.25,80.0,50.0,80.0,0.7105,hf_fit
37.32,2.93,100.0,100.0,80.0,0.1348,hf_fit
34.86,12.31,25.0,90.0,80.0,0.2817,hf_fit
50.43,3.13,100.0,85.0,72.0,0.818,hf_fit
40.36,4.58,0.0,50.0,80.0,0.0876,hf_fit
20.24,1.32,25.0,90.0,72.0,0.2562,hf_fit
43.01,0.0,100.0,85.0,80.0,0.8404,hf_fit
25.13,2.46,0.0,80.0,80.0,0.2355,hf_fit
29.97,0.0,40.0,85.0,80.0,0.2465,hf_fit
33.45,21.94,50.0,90.0,80.0,0.7094,hf_fit
50.53,7.27,100.0,85.0,80.0,0.8321,hf_fit
60.17,12.08,50.0,85.0,80.0,0.7419,hf_fit
53.57,5.2,75.0,80.0,80.0,0.8081,hf_fit
46.95,2.26,0.0,50.0,80.0,0.2701,hf_fit
39.98,0.0,80.0,100.0,80.0,0.0776,hf_fit
23.55,4.26,100.0,50.0,72.0,0.0979,hf_fit
40.47,6.27,0.0,100.0,80.0,0.8084,hf_fit
28.65,10.38,40.0,30.0,80.0,0.7839,hf_fit
23.12,0.0,100.0,85.0,80.0,0.3103,hf_fit
44.72,4.49,25.0,85.0,80.0,0.6726,hf_fit
22.19,5.54,100.0,90.0,80.0,0.8588,hf_fit
54.65,1.85,25.0,80.0,80.0,0.7302,hf_fit
32.37,1.17,0.0,100.0,80.0,0.107,hf_fit
45.36,2.96,0.0,30.0,80.0,0.6966,hf_fit
34.52,7.41,0.0,50.0,80.0,0.6602,hf_fit
60.41,18.0,0.0,90.0,80.0,0.7977,hf_fit
41.42,6.19,50.0,90.0,80.0,0.2181,hf_fit
33.17,2.58,100.0,80.0,80.0,0.2656,hf_fit
54.08,6.49,100.0,85.0,80.0,0.2662,hf_fit
39.11,7.06,0.0,90.0,80.0,0.1519,hf_fit
62.69,9.02,100.0,50.0,80.0,0.8194,hf_fit
40.46,13.33,0.0,90.0,80.0,0.6541,hf_fit
61.8,6.15,25.0,80.0,80.0,0.778,hf_fit
71.52,10.43,100.0,85.0,80.0,0.7066,hf_fit
29.97,2.86,75.0,85.0,80.0,0.1728,hf_fit
33.89,3.27,25.0,85.0,80.0,0.1965,hf_fit
40.88,7.74,100.0,80.0,80.0,0.1005,hf_fit
39.02,9.6,0.0,50.0,80.0,0.8113,hf_fit
38.71,0.0,0.0,60.0,80.0,0.6936,hf_fit
44.66,2.05,100.0,80.0,80.0,0.2694,hf_fit
37.74,5.42,0.0,90.0,80.0,0.2356,hf_fit
46.94,4.71,100.0,85.0,80.0,0.2052,hf_fit
45.35,5.42,0.0,90.0,80.0,0.8227,hf_fit
54.72,6.39,50.0,80.0,80.0,0.3101,hf_fit
29.29,2.26,0.0,90.0,80.0,0.1114,hf_fit
48.62,7.5,25.0,50.0,80.0,0.7467,hf_fit
25.17,2.55,40.0,85.0,80.0,0.1332,hf_fit
41.25,5.22,50.0,85.0,80.0,0.8842,hf_fit
21.22,6.15,50.0,80.0,100.0,0.239,hf_fit
45.28,5.68,80.0,50.0,100.0,0.6844,hf_fit
58.8,10.0,75.0,80.0,80.0,0.7353,hf_fit
26.28,5.0,40.0,50.0,80.0,0.263,hf_fit
34.22,3.13,100.0,85.0,72.0,0.6784,hf_fit
47.79,2.09,0.0,30.0,80.0,0.8812,hf_fit
64.25,5.45,0.0,100.0,80.0,0.3195,hf_fit
20.23,4.71,0.0,80.0,80.0,0.0611,hf_fit
56.64,14.12,100.0,85.0,80.0,0.8693,hf_fit
39.99,6.32,100.0,100.0,72.0,0.7145,hf_fit
47.75,2.36,25.0,50.0,80.0,0.2289,hf_fit
60.27,5.22,0.0,80.0,80.0,0.2041,hf_fit
26.59,7.74,100.0,80.0,80.0,0.291,hf_fit
17.63,3.64,70.0,85.0,80.0,0.2042,hf_fit
51.63,8.44,25.0,80.0,80.0,0.815,hf_fit
64.75,10.47,0.0,80.0,80.0,0.0863,hf_fit
26.47,4.38,100.0,30.0,80.0,0.8543,hf_fit
35.54,3.5,0.0,90.0,80.0,0.2046,hf_fit
14.12,2.71,100.0,90.0,80.0,0.7888,hf_fit
25.9,2.86,100.0,85.0,80.0,0.7824,hf_fit
39.03,2.77,0.0,80.0,80.0,0.2945,hf_fit
62.93,9.06,100.0,90.0,80.0,0.0935,hf_fit
37.04,1.9,0.0,90.0,80.0,0.296,hf_fit
49.43,8.08,50.0,90.0,80.0,0.7105,hf_fit
37.32,8.0,0.0,80.0,80.0,0.6733,hf_fit
24.51,2.54,25.0,80.0,80.0,0.0684,hf_fit
65.79,8.18,0.0,100.0,80.0,0.204,hf_fit
26.84,1.85,0.0,90.0,80.0,0.8743,hf_fit
55.39,7.5,80.0,80.0,80.0,0.8751,hf_fit
43.63,3.78,25.0,80.0,80.0,0.2524,hf_fit
50.44,4.53,75.0,90.0,80.0,0.8083,hf_fit
43.87,7.93,100.0,85.0,80.0,0.7348,hf_fit
40.18,9.32,25.0,90.0,80.0,0.1449,hf_fit
52.09,10.0,50.0,80.0,80.0,0.7373,hf_fit
36.5,4.39,40.0,50.0,80.0,0.8315,hf_fit
44.88,4.06,0.0,90.0,80.0,0.8743,hf_fit
51.01,7.87,90.0,85.0,80.0,0.8718,hf_fit
46.19,5.26,50.0,90.0,80.0,0.845,hf_fit
57.05,12.63,100.0,100.0,80.0,0.8105,hf_fit
46.03,11.61,70.0,80.0,80.0,0.1044,hf_fit
45.82,6.73,0.0,85.0,80.0,0.671,hf_fit
42.19,6.59,100.0,90.0,80.0,0.6904,hf_fit
20.91,0.0,100.0,90.0,80.0,0.2047,hf_fit
63.91,2.65,75.0,85.0,80.0,0.298,hf_fit
28.7,4.29,100.0,90.0,80.0,0.2974,hf_fit
35.15,5.35,0.0,90.0,80.0,0.1588,hf_fit
20.07,30.0,25.0,85.0,80.0,0.2659,hf_fit
25.06,8.57,100.0,85.0,72.0,0.8746,hf_fit
41.61,3.96,75.0,90.0,80.0,0.1613,hf_fit
34.87,8.32,100.0,80.0,80.0,0.8016,hf_fit
21.08,0.0,80.0,85.0,80.0,0.1867,hf_fit
22.77,1.46,0.0,90.0,80.0,0.6523,hf_fit
58.25,0.64,0.0,90.0,80.0,0.1971,hf_fit
38.16,0.0,0.0,50.0,72.0,0.6754,hf_fit
32.36,11.43,0.0,90.0,100.0,0.2785,hf_fit
55.94,18.0,80.0,100.0,80.0,0.2877,hf_fit
30.84,1.46,0.0,100.0,80.0,0.8159,hf_fit
43.68,6.99,80.0,80.0,80.0,0.1271,hf_fit
45.08,0.0,80.0,85.0,60.0,0.6513,hf_fit
29.86,9.23,100.0,80.0,80.0,0.6902,hf_fit
25.41,1.45,75.0,80.0,80.0,0.2228,hf_fit
21.45,3.53,80.0,85.0,80.0,0.1073,hf_fit
24.82,1.43,100.0,85.0,80.0,0.086,hf_fit
30.32,1.9,75.0,50.0,80.0,0.1235,hf_fit
33.82,0.0,100.0,90.0,80.0,0.3006,hf_fit
42.99,6.0,100.0,100.0,80.0,0.2438,hf_fit
59.7,15.0,100.0,100.0,80.0,0.7872,hf_fit
45.41,3.61,80.0,100.0,80.0,0.128,hf_fit
41.7,9.23,25.0,85.0,80.0,0.823,hf_fit
62.74,6.52,25.0,50.0,80.0,0.813,hf_fit
26.3,2.77,90.0,90.0,80.0,0.7061,hf_fit
38.84,5.41,25.0,80.0,80.0,0.828,hf_fit
35.13,13.47,25.0,90.0,80.0,0.7093,hf_fit
25.56,0.0,100.0,85.0,80.0,0.2836,hf_fit
60.55,7.35,100.0,90.0,80.0,0.184,hf_fit
41.18,4.66,100.0,90.0,80.0,0.7313,hf_fit
41.1,8.45,50.0,80.0,80.0,0.8366,hf_fit
61.78,13.52,0.0,80.0,80.0,0.1238,hf_fit
40.01,4.44,0.0,80.0,80.0,0.8124,hf_fit
18.75,0.0,50.0,85.0,80.0,0.1484,hf_fit
37.71,6.12,25.0,90.0,80.0,0.8623,hf_fit
59.61,7.85,0.0,85.0,80.0,0.8144,hf_fit
41.15,2.96,70.0,30.0,80.0,0.0722,hf_fit
40.49,3.5,100.0,80.0,100.0,0.7921,hf_fit
35.52,0.0,0.0,50.0,80.0,0.6734,hf_fit
39.65,11.8,100.0,85.0,80.0,0.7419,hf_fit
4.76,13.8,100.0,85.0,80.0,0.7163,hf_fit
44.11,8.12,100.0,90.0,80.0,0.711,hf_fit
35.6,6.0,100.0,100.0,80.0,0.0594,hf_fit
34.77,2.64,50.0,80.0,80.0,0.8933,hf_fit
51.89,6.26,80.0,85.0,80.0,0.7483,hf_fit
70.42,3.2,0.0,80.0,80.0,0.873,hf_fit
38.58,1.37,40.0,30.0,80.0,0.2491,hf_fit
60.38,5.68,0.0,50.0,80.0,0.8078,hf_fit
31.28,6.76,75.0,80.0,80.0,0.8487,hf_fit
34.6,3.04,50.0,90.0,80.0,0.7757,hf_fit
48.53,2.26,0.0,30.0,80.0,0.7942,hf_fit
27.07,5.28,100.0,100.0,80.0,0.0915,hf_fit
25.12,2.61,80.0,85.0,80.0,0.7731,hf_fit
26.9,0.73,25.0,85.0,72.0,0.6988,hf_fit
40.97,0.46,25.0,30.0,72.0,0.8306,hf_fit
29.93,4.62,50.0,100.0,80.0,0.7202,hf_fit
31.03,2.55,90.0,85.0,80.0,0.6561,hf_fit
36.45,2.73,75.0,90.0,80.0,0.0778,hf_fit
30.09,2.77,25.0,90.0,72.0,0.8114,hf_fit
43.94,6.49,100.0,100.0,80.0,0.091,hf_fit
25.35,1.15,25.0,80.0,80.0,0.1122,hf_fit
22.41,0.0,0.0,60.0,80.0,0.1113,hf_fit
26.75,3.69,40.0,90.0,80.0,0.1228,hf_fit
48.4,9.35,100.0,90.0,80.0,0.0514,hf_fit
48.43,4.49,75.0,85.0,80.0,0.6943,hf_fit
53.16,0.99,80.0,85.0,80.0,0.2459,hf_fit
15.57,1.8,25.0,85.0,80.0,0.8851,hf_fit
33.45,8.63,0.0,100.0,60.0,0.3006,hf_fit
45.84,14.4,75.0,90.0,80.0,0.0747,hf_fit
38.07,6.13,100.0,30.0,80.0,0.8885,hf_fit
34.52,2.26,0.0,90.0,80.0,0.2161,hf_fit
45.52,1.5,100.0,90.0,80.0,0.2228,hf_fit
39.04,4.92,100.0,100.0,80.0,0.8787,hf_fit
45.28,8.57,100.0,85.0,80.0,0.1219,hf_fit
47.02,5.0,100.0,50.0,80.0,0.7425,hf_fit
35.85,8.25,0.0,80.0,80.0,0.6539,hf_fit
43.18,5.58,0.0,80.0,80.0,0.8821,hf_fit
47.16,6.86,100.0,90.0,80.0,0.757,hf_fit
62.31,6.32,50.0,85.0,80.0,0.1837,hf_fit
34.36,2.26,100.0,90.0,80.0,0.281,hf_fit
58.45,11.02,0.0,80.0,80.0,0.8917,hf_fit
47.43,7.85,0.0,85.0,80.0,0.8909,hf_fit
56.45,26.67,80.0,85.0,80.0,0.8633,hf_fit
41.22,9.09,100.0,90.0,80.0,0.2474,hf_fit
33.5,2.42,100.0,90.0,80.0,0.7236,hf_fit
17.67,3.21,100.0,100.0,80.0,0.2723,hf_fit
44.64,3.93,100.0,85.0,80.0,0.7463,hf_fit
43.64,7.87,25.0,80.0,80.0,0.3032,hf_fit
22.25,2.11,90.0,90.0,80.0,0.1733,hf_fit
48.73,5.24,0.0,90.0,80.0,0.2443,hf_fit
33.19,0.0,0.0,85.0,72.0,0.3055,hf_fit
36.8,0.99,80.0,80.0,80.0,0.2001,hf_fit
37.33,4.89,100.0,80.0,80.0,0.1206,hf_fit
48.19,11.83,0.0,50.0,80.0,0.1971,hf_fit
39.3,7.5,0.0,85.0,80.0,0.1693,hf_fit
28.68,6.79,40.0,50.0,80.0,0.8628,hf_fit
62.87,6.4,0.0,80.0,80.0,0.2852,hf_fit
38.25,4.08,80.0,90.0,80.0,0.7292,hf_fit
38.08,10.53,0.0,80.0,80.0,0.6924,hf_fit
45.56,1.32,100.0,30.0,80.0,0.7892,hf_fit
29.61,4.0,100.0,80.0,80.0,0.1121,hf_fit
29.07,9.06,0.0,85.0,80.0,0.884,hf_fit
40.4,3.5,0.0,80.0,80.0,0.2489,hf_fit
22.42,2.31,100.0,80.0,80.0,0.2711,hf_fit
48.81,4.47,100.0,85.0,80.0,0.824,hf_fit
17.11,3.81,90.0,85.0,80.0,0.1784,hf_fit
54.77,2.61,0.0,90.0,80.0,0.1461,hf_fit
67.31,9.09,50.0,90.0,80.0,0.7925,hf_fit
25.31,1.95,0.0,80.0,80.0,0.2253,hf_fit
63.9,9.23,75.0,80.0,80.0,0.6743,hf_fit
19.42,2.29,100.0,100.0,80.0,0.8038,hf_fit
39.41,13.33,40.0,90.0,80.0,0.8975,hf_fit
51.42,2.26,0.0,50.0,80.0,0.2988,hf_fit
51.2,18.46,100.0,85.0,80.0,0.685,hf_fit
42.9,6.74,100.0,80.0,100.0,0.2496,hf_fit
37.47,5.71,0.0,90.0,80.0,0.7796,hf_fit
36.8,2.83,0.0,90.0,80.0,0.8693,hf_fit
24.3,2.26,80.0,90.0,80.0,0.0616,hf_fit
50.81,8.08,25.0,80.0,80.0,0.2067,hf_fit
40.59,7.91,100.0,90.0,80.0,0.8352,hf_fit
55.0,13.17,0.0,90.0,72.0,0.0837,hf_fit
50.77,5.16,50.0,85.0,80.0,0.8243,hf_fit
73.57,11.25,100.0,90.0,80.0,0.8256,hf_fit
44.91,3.14,25.0,100.0,80.0,0.7399,hf_fit
44.61,4.24,25.0,80.0,72.0,0.7234,hf_fit
47.47,0.0,0.0,85.0,80.0,0.8523,hf_fit
47.99,10.91,80.0,85.0,80.0,0.2172,hf_fit
36.16,6.0,40.0,50.0,80.0,0.8525,hf_fit
52.06,7.88,100.0,50.0,72.0,0.8668,hf_fit
8.39,1.8,25.0,80.0,80.0,0.8783,hf_fit
67.04,25.38,80.0,85.0,60.0,0.7778,hf_fit
38.89,0.0,75.0,80.0,80.0,0.2903,hf_fit
42.75,1.54,25.0,80.0,80.0,0.1484,hf_fit
39.02,6.73,100.0,85.0,80.0,0.7754,hf_fit
45.59,5.26,100.0,30.0,80.0,0.8496,hf_fit
16.3,1.8,0.0,90.0,72.0,0.8125,hf_fit
57.1,8.42,50.0,85.0,80.0,0.8255,hf_fit
54.3,1.86,100.0,50.0,72.0,0.8489,hf_fit
35.53,3.77,0.0,80.0,80.0,0.1524,hf_fit
31.39,3.49,0.0,80.0,72.0,0.1127,hf_fit
32.84,7.5,100.0,85.0,80.0,0.2539,hf_fit
41.25,6.55,50.0,90.0,80.0,0.0739,hf_fit
45.65,2.73,100.0,100.0,80.0,0.1551,hf_fit
50.2,16.0,0.0,90.0,80.0,0.8725,hf_fit
37.1,4.09,75.0,85.0,80.0,0.144,hf_fit
47.46,12.97,100.0,100.0,80.0,0.2028,hf_fit
37.82,2.76,100.0,30.0,80.0,0.7345,hf_fit
49.88,5.37,50.0,30.0,80.0,0.7439,hf_fit
42.02,4.8,75.0,90.0,80.0,0.1052,hf_fit
38.97,7.41,0.0,80.0,80.0,0.1823,hf_fit
52.3,1.28,0.0,100.0,80.0,0.6735,hf_fit
54.19,0.0,50.0,60.0,80.0,0.7946,hf_fit
33.01,5.27,50.0,90.0,72.0,0.659,hf_fit
30.74,6.86,0.0,50.0,80.0,0.7664,hf_fit
38.4,0.0,0.0,80.0,80.0,0.7857,hf_fit
45.66,1.98,90.0,85.0,80.0,0.7216,hf_fit
34.95,13.33,100.0,85.0,80.0,0.182,hf_fit
28.86,3.87,100.0,80.0,80.0,0.2728,hf_fit
12.85,0.0,50.0,85.0,80.0,0.7977,hf_fit
45.29,2.07,100.0,30.0,80.0,0.6576,hf_fit
40.17,1.17,0.0,90.0,80.0,0.2837,hf_fit
53.34,8.16,0.0,30.0,80.0,0.1558,hf_fit
51.04,8.0,0.0,85.0,80.0,0.2138,hf_fit
44.15,2.35,0.0,85.0,72.0,0.2055,hf_fit
55.61,6.26,100.0,30.0,80.0,0.6593,hf_fit
30.55,0.0,100.0,85.0,80.0,0.178,hf_fit
56.2,6.32,100.0,85.0,80.0,0.8557,hf_fit
56.76,12.86,100.0,100.0,80.0,0.1193,hf_fit
54.17,2.0,0.0,30.0,80.0,0.1465,hf_fit
41.03,0.92,25.0,85.0,80.0,0.2624,hf_fit
53.32,12.8,0.0,50.0,80.0,0.74,hf_fit
46.18,6.19,75.0,80.0,80.0,0.6818,hf_fit
55.87,7.81,100.0,50.0,80.0,0.2963,hf_fit
32.61,30.0,40.0,100.0,80.0,0.7806,hf_fit
21.74,5.71,100.0,60.0,80.0,0.2793,hf_fit
56.74,5.68,0.0,80.0,80.0,0.1853,hf_fit
50.19,1.74,0.0,80.0,80.0,0.3158,hf_fit
46.6,4.06,0.0,80.0,80.0,0.1474,hf_fit
40.43,7.09,100.0,80.0,80.0,0.0854,hf_fit
33.69,0.0,100.0,85.0,72.0,0.8425,hf_fit
41.44,1.9,75.0,90.0,80.0,0.0772,hf_fit
38.21,3.61,25.0,30.0,80.0,0.704,hf_fit
32.9,0.0,0.0,50.0,80.0,0.2504,hf_fit
51.38,10.43,100.0,80.0,80.0,0.8057,hf_fit
42.75,6.35,25.0,90.0,80.0,0.2749,hf_fit
47.47,7.89,100.0,80.0,80.0,0.6713,hf_fit
57.48,4.9,25.0,90.0,80.0,0.6629,hf_fit
64.63,5.68,0.0,50.0,80.0,0.1278,hf_fit
43.89,1.85,0.0,90.0,80.0,0.1629,hf_fit
46.19,2.63,100.0,30.0,80.0,0.7828,hf_fit
41.32,6.79,0.0,85.0,80.0,0.7852,hf_fit
34.55,7.2,25.0,85.0,72.0,0.8094,hf_fit
31.3,6.32,100.0,85.0,80.0,0.8315,hf_fit
27.88,3.87,70.0,85.0,80.0,0.082,hf_fit
44.83,7.41,0.0,50.0,80.0,0.894,hf_fit
36.29,5.0,100.0,85.0,80.0,0.7791,hf_fit
33.35,0.0,0.0,85.0,80.0,0.0952,hf_fit
41.17,2.73,0.0,85.0,80.0,0.164,hf_fit
52.49,5.38,50.0,80.0,80.0,0.7307,hf_fit
57.91,6.35,0.0,90.0,80.0,0.8488,hf_fit
65.65,10.91,100.0,100.0,80.0,0.1549,hf_fit
42.33,4.44,0.0,80.0,72.0,0.2023,hf_fit
36.71,4.62,0.0,90.0,80.0,0.2834,hf_fit
50.31,2.46,0.0,50.0,80.0,0.7177,hf_fit
42.53,12.31,100.0,85.0,80.0,0.7597,hf_fit
49.25,1.91,0.0,100.0,80.0,0.6696,hf_fit
26.17,2.56,0.0,80.0,80.0,0.6563,hf_fit
45.07,0.63,75.0,90.0,80.0,0.2921,hf_fit
80.0,6.4,50.0,90.0,80.0,0.2347,hf_fit
32.11,2.77,25.0,80.0,80.0,0.8907,hf_fit
21.55,2.75,25.0,80.0,80.0,0.0973,hf_fit
39.53,3.13,100.0,85.0,72.0,0.859,hf_fit
46.73,4.76,100.0,80.0,80.0,0.2389,hf_fit
24.59,6.11,25.0,90.0,80.0,0.824,hf_fit
50.55,2.11,100.0,85.0,80.0,0.7522,hf_fit
48.82,4.65,0.0,50.0,72.0,0.2019,hf_fit
37.94,9.73,100.0,100.0,80.0,0.1265,hf_fit
40.91,16.25,75.0,50.0,80.0,0.6933,hf_fit
33.87,5.68,0.0,50.0,80.0,0.6891,hf_fit
58.9,6.89,100.0,100.0,80.0,0.7126,hf_fit
64.79,6.79,0.0,80.0,80.0,0.7873,hf_fit
46.89,6.35,0.0,50.0,72.0,0.0548,hf_fit
53.15,0.0,100.0,85.0,80.0,0.8286,hf_fit
41.42,5.37,50.0,80.0,80.0,0.815,hf_fit
28.49,0.92,0.0,80.0,80.0,0.72,hf_fit
44.0,5.56,100.0,80.0,80.0,0.8887,hf_fit
41.47,1.0,0.0,80.0,72.0,0.8345,hf_fit
34.83,14.4,0.0,80.0,80.0,0.3075,hf_fit
50.09,10.91,100.0,85.0,80.0,0.7886,hf_fit
34.43,11.39,70.0,30.0,80.0,0.8029,hf_fit
54.16,10.71,50.0,100.0,80.0,0.7549,hf_fit
46.29,5.45,100.0,90.0,80.0,0.7119,hf_fit
34.53,0.0,70.0,85.0,80.0,0.739,hf_fit
38.96,6.32,100.0,85.0,80.0,0.0881,hf_fit
27.53,2.79,25.0,80.0,80.0,0.1069,hf_fit
43.54,10.53,100.0,100.0,80.0,0.8395,hf_fit
38.93,3.24,70.0,85.0,100.0,0.1997,hf_fit
61.28,10.91,25.0,85.0,80.0,0.6536,hf_fit
21.64,0.0,40.0,50.0,80.0,0.1874,hf_fit
40.64,4.57,0.0,85.0,80.0,0.228,hf_fit
52.77,10.67,0.0,80.0,80.0,0.2314,hf_fit
41.36,5.45,0.0,60.0,80.0,0.2425,hf_fit
36.24,3.06,0.0,80.0,80.0,0.679,hf_fit
44.66,5.85,0.0,30.0,80.0,0.6615,hf_fit
39.24,5.0,100.0,85.0,80.0,0.6602,hf_fit
52.89,0.99,100.0,85.0,80.0,0.1007,hf_fit
60.64,3.9,0.0,90.0,80.0,0.8639,hf_fit
35.76,2.46,0.0,80.0,80.0,0.3081,hf_fit
16.04,4.19,90.0,90.0,80.0,0.2592,hf_fit
59.94,4.9,0.0,50.0,80.0,0.3059,hf_fit
52.18,5.22,0.0,50.0,80.0,0.8259,hf_fit
31.67,5.45,25.0,85.0,72.0,0.7685,hf_fit
48.77,7.27,25.0,85.0,80.0,0.1897,hf_fit
32.26,3.67,0.0,50.0,80.0,0.2713,hf_fit
45.67,3.1,25.0,90.0,80.0,0.6745,hf_fit
50.47,2.47,100.0,50.0,80.0,0.7729,hf_fit
45.92,3.64,90.0,80.0,80.0,0.7684,hf_fit
50.57,1.28,0.0,100.0,80.0,0.2442,hf_fit
27.09,0.0,50.0,90.0,80.0,0.1387,hf_fit
25.83,0.0,80.0,85.0,80.0,0.1188,hf_fit
47.05,4.16,25.0,50.0,80.0,0.6933,hf_fit
39.09,0.0,0.0,85.0,80.0,0.1956,hf_fit
22.54,5.71,100.0,85.0,80.0,0.1033,hf_fit
40.18,0.0,100.0,80.0,80.0,0.079,hf_fit
53.63,2.93,50.0,50.0,80.0,0.7585,hf_fit
31.48,0.0,75.0,80.0,80.0,0.144,hf_fit
53.11,4.11,0.0,80.0,80.0,0.7496,hf_fit
26.09,3.0,40.0,85.0,80.0,0.804,hf_fit
34.59,0.0,0.0,85.0,72.0,0.3149,hf_fit
60.41,10.91,100.0,100.0,80.0,0.8088,hf_fit
51.61,5.41,100.0,80.0,80.0,0.1542,hf_fit
66.93,8.22,0.0,80.0,80.0,0.2763,hf_fit
42.43,2.46,0.0,80.0,80.0,0.1176,hf_fit
26.16,4.14,60.0,85.0,80.0,0.6613,hf_fit
46.41,5.45,100.0,85.0,80.0,0.7437,hf_fit
58.18,7.2,50.0,85.0,80.0,0.8065,hf_fit
43.33,6.43,100.0,90.0,80.0,0.2475,hf_fit
50.45,3.87,0.0,85.0,80.0,0.7758,hf_fit
9.66,10.8,50.0,85.0,80.0,0.1739,hf_fit
15.52,4.59,100.0,80.0,80.0,0.0571,hf_fit
57.81,23.41,100.0,80.0,80.0,0.8641,hf_fit
38.25,1.46,0.0,90.0,72.0,0.8147,hf_fit
59.57,9.23,25.0,80.0,80.0,0.6907,hf_fit
39.81,9.23,100.0,80.0,80.0,0.6676,hf_fit
62.94,16.0,100.0,85.0,80.0,0.1445,hf_fit
27.2,1.85,0.0,90.0,80.0,0.1491,hf_fit
37.09,0.0,100.0,85.0,72.0,0.0767,hf_fit
66.62,10.29,100.0,80.0,80.0,0.8106,hf_fit
56.98,12.0,100.0,80.0,80.0,0.6566,hf_fit
52.09,3.24,100.0,100.0,80.0,0.2221,hf_fit
44.67,5.71,25.0,80.0,80.0,0.2922,hf_fit
21.91,5.07,25.0,80.0,80.0,0.2414,hf_fit
44.27,1.46,0.0,90.0,80.0,0.7964,hf_fit
34.95,0.0,0.0,85.0,80.0,0.1571,hf_fit
39.02,2.26,0.0,85.0,60.0,0.2452,hf_fit
57.55,2.55,0.0,100.0,80.0,0.1926,hf_fit
33.36,3.08,0.0,80.0,72.0,0.8851,hf_fit
57.04,5.33,100.0,90.0,80.0,0.2296,hf_fit
41.22,7.06,100.0,85.0,80.0,0.2654,hf_fit
23.42,1.09,25.0,60.0,72.0,0.3165,hf_fit
40.19,7.32,0.0,90.0,80.0,0.7939,hf_fit
49.84,3.14,0.0,100.0,80.0,0.747,hf_fit
48.76,3.36,25.0,85.0,80.0,0.8108,hf_fit
53.93,3.75,25.0,100.0,80.0,0.7646,hf_fit
35.1,1.27,100.0,90.0,80.0,0.1029,hf_fit
46.72,6.49,60.0,100.0,80.0,0.1933,hf_fit
37.1,2.77,0.0,90.0,80.0,0.182,hf_fit
28.53,1.3,100.0,85.0,72.0,0.1088,hf_fit
31.89,0.0,50.0,85.0,80.0,0.29,hf_fit
50.92,6.45,0.0,85.0,80.0,0.2293,hf_fit
52.88,12.5,100.0,80.0,80.0,0.7864,hf_fit
43.96,3.69,0.0,90.0,72.0,0.8854,hf_fit
30.36,4.9,50.0,80.0,80.0,0.2708,hf_fit
49.87,1.85,25.0,30.0,72.0,0.7465,hf_fit
38.86,3.66,0.0,80.0,80.0,0.1283,hf_fit
51.86,9.86,0.0,50.0,72.0,0.8903,hf_fit
49.2,9.39,75.0,80.0,80.0,0.8763,hf_fit
66.81,3.13,40.0,85.0,80.0,0.6989,hf_fit
45.78,2.82,25.0,80.0,80.0,0.6673,hf_fit
46.47,0.0,100.0,50.0,80.0,0.2913,hf_fit
41.74,2.45,25.0,80.0,80.0,0.1409,hf_fit
64.6,17.14,100.0,80.0,80.0,0.6752,hf_fit
42.84,13.33,75.0,90.0,80.0,0.214,hf_fit
52.81,8.24,0.0,90.0,80.0,0.6546,hf_fit
27.28,1.56,50.0,90.0,80.0,0.0983,hf_fit
25.29,20.87,50.0,80.0,80.0,0.1073,hf_fit
69.37,39.23,70.0,85.0,80.0,0.6736,hf_fit
23.89,6.1,80.0,85.0,80.0,0.0869,hf_fit
37.65,4.66,50.0,90.0,80.0,0.1424,hf_fit
52.09,3.13,70.0,85.0,80.0,0.8208,hf_fit
31.62,5.93,0.0,30.0,80.0,0.6678,hf_fit
48.61,3.24,100.0,100.0,60.0,0.211,hf_fit
51.33,5.54,40.0,85.0,80.0,0.7297,hf_fit
37.68,4.29,100.0,90.0,80.0,0.0635,hf_fit
57.44,16.0,25.0,80.0,80.0,0.8612,hf_fit
16.73,2.53,0.0,85.0,80.0,0.6558,hf_fit
35.53,6.43,40.0,30.0,80.0,0.1018,hf_fit
46.48,21.54,100.0,85.0,80.0,0.8536,hf_fit
25.03,4.53,0.0,80.0,80.0,0.259,hf_fit
42.3,4.35,80.0,85.0,80.0,0.7205,hf_fit
43.96,7.32,0.0,30.0,80.0,0.1093,hf_fit
48.87,7.06,25.0,80.0,80.0,0.6795,hf_fit
53.74,4.72,25.0,80.0,80.0,0.0975,hf_fit
33.54,12.0,80.0,90.0,80.0,0.1595,hf_fit
32.35,2.15,50.0,85.0,80.0,0.1527,hf_fit
44.34,5.71,0.0,85.0,80.0,0.2235,hf_fit
30.37,1.64,50.0,50.0,80.0,0.1616,hf_fit
28.48,0.0,0.0,85.0,80.0,0.8242,hf_fit
21.51,36.0,100.0,85.0,80.0,0.8072,hf_fit
44.64,8.57,40.0,85.0,80.0,0.0927,hf_fit
55.51,9.04,0.0,90.0,80.0,0.8694,hf_fit
38.29,7.5,0.0,80.0,80.0,0.8338,hf_fit
26.15,3.74,100.0,80.0,80.0,0.8509,hf_fit
58.92,3.9,0.0,30.0,80.0,0.7205,hf_fit
41.68,3.24,50.0,90.0,72.0,0.6944,hf_fit
24.18,5.71,100.0,90.0,80.0,0.2841,hf_fit
38.41,2.71,100.0,90.0,80.0,0.2499,hf_fit
50.3,8.75,25.0,50.0,80.0,0.8377,hf_fit
44.55,5.08,25.0,90.0,60.0,0.2923,hf_fit
38.58,6.04,100.0,80.0,80.0,0.2393,hf_fit
13.79,4.24,25.0,90.0,80.0,0.8517,hf_fit
22.97,2.67,25.0,50.0,80.0,0.0585,hf_fit
26.64,0.0,40.0,30.0,80.0,0.196,hf_fit
46.4,7.41,100.0,50.0,80.0,0.1488,hf_fit
44.0,5.83,0.0,90.0,80.0,0.1572,hf_fit
52.84,6.49,50.0,100.0,80.0,0.2446,hf_fit
50.04,5.0,100.0,60.0,80.0,0.1964,hf_fit
36.4,7.22,25.0,50.0,80.0,0.8976,hf_fit
47.81,2.31,60.0,50.0,72.0,0.1474,hf_fit
49.72,1.91,90.0,100.0,80.0,0.0868,hf_fit
44.77,20.28,40.0,80.0,80.0,0.7532,hf_fit
52.79,15.21,25.0,80.0,80.0,0.2218,hf_fit
51.62,14.12,100.0,85.0,80.0,0.743,hf_fit
40.83,2.58,0.0,85.0,80.0,0.8441,hf_fit
34.68,6.15,40.0,80.0,80.0,0.1019,hf_fit
27.75,2.03,0.0,85.0,72.0,0.7352,hf_fit
36.3,2.45,60.0,100.0,80.0,0.2157,hf_fit
30.76,2.45,25.0,90.0,80.0,0.8827,hf_fit
26.54,3.64,100.0,90.0,80.0,0.092,hf_fit
31.14,2.18,25.0,85.0,80.0,0.8646,hf_fit
23.86,1.23,0.0,80.0,80.0,0.1829,hf_fit
24.25,1.63,100.0,50.0,80.0,0.1864,hf_fit
41.51,1.23,0.0,50.0,80.0,0.0788,hf_fit
34.84,9.32,25.0,90.0,80.0,0.7572,hf_fit
40.74,10.14,25.0,80.0,80.0,0.1116,hf_fit
38.13,4.24,50.0,90.0,80.0,0.8377,hf_fit
21.25,1.8,60.0,80.0,80.0,0.2345,hf_fit
64.69,12.0,70.0,85.0,80.0,0.8386,hf_fit
72.12,6.15,100.0,90.0,80.0,0.6758,hf_fit
56.96,5.33,0.0,90.0,80.0,0.8756,hf_fit
52.14,8.08,100.0,80.0,80.0,0.2865,hf_fit
10.62,6.79,80.0,80.0,80.0,0.0769,hf_fit
41.51,9.33,25.0,80.0,80.0,0.2358,hf_fit
46.31,9.23,25.0,85.0,80.0,0.7763,hf_fit
29.01,2.56,25.0,90.0,80.0,0.0722,hf_fit
17.05,0.0,80.0,90.0,80.0,0.138,hf_fit
56.34,5.52,0.0,80.0,80.0,0.8566,hf_fit
34.53,9.68,100.0,80.0,80.0,0.0847,hf_fit
33.86,4.84,75.0,80.0,80.0,0.1544,hf_fit
63.12,33.79,100.0,80.0,80.0,0.73,hf_fit
14.7,1.41,100.0,100.0,80.0,0.8739,hf_fit
41.65,2.71,25.0,80.0,80.0,0.2808,hf_fit
38.75,2.17,100.0,90.0,72.0,0.2411,hf_fit
60.55,10.14,0.0,80.0,80.0,0.7473,hf_fit
41.84,5.11,0.0,100.0,80.0,0.0827,hf_fit
53.79,7.27,25.0,85.0,72.0,0.6527,hf_fit
42.34,6.04,100.0,90.0,80.0,0.8763,hf_fit
44.77,9.23,100.0,85.0,80.0,0.0904,hf_fit
56.83,6.92,25.0,50.0,80.0,0.6728,hf_fit
29.06,9.84,25.0,90.0,80.0,0.7298,hf_fit
44.52,10.0,80.0,85.0,80.0,0.8875,hf_fit
58.79,5.78,25.0,85.0,80.0,0.2996,hf_fit
27.93,6.15,0.0,90.0,80.0,0.8877,hf_fit
25.37,8.0,0.0,90.0,80.0,0.7934,hf_fit
44.86,10.38,25.0,50.0,80.0,0.808,hf_fit
54.9,6.96,0.0,85.0,80.0,0.7621,hf_fit
47.27,2.98,100.0,85.0,80.0,0.7233,hf_fit
41.07,1.66,100.0,80.0,80.0,0.1275,hf_fit
47.39,8.78,50.0,90.0,80.0,0.7322,hf_fit
35.74,5.07,0.0,50.0,80.0,0.8181,hf_fit
37.52,2.44,0.0,90.0,80.0,0.2947,hf_fit
55.96,4.36,50.0,80.0,80.0,0.8381,hf_fit
45.49,3.43,100.0,80.0,60.0,0.8479,hf_fit
24.87,4.32,100.0,80.0,100.0,0.2425,hf_fit
18.75,4.87,0.0,80.0,80.0,0.2789,hf_fit
62.59,3.33,50.0,90.0,80.0,0.8474,hf_fit
54.18,7.14,75.0,85.0,80.0,0.6728,hf_fit
26.42,1.76,100.0,90.0,80.0,0.1702,hf_fit
45.0,1.3,100.0,85.0,80.0,0.7736,hf_fit
43.23,3.77,100.0,85.0,80.0,0.6644,hf_fit
68.05,5.45,50.0,100.0,80.0,0.2824,hf_fit
38.62,1.17,0.0,80.0,80.0,0.7874,hf_fit
56.06,7.23,80.0,100.0,60.0,0.1968,hf_fit
30.15,3.06,50.0,50.0,80.0,0.0632,hf_fit
40.97,0.0,75.0,80.0,72.0,0.2486,hf_fit
21.95,1.74,25.0,80.0,80.0,0.1067,hf_fit
32.91,4.44,40.0,80.0,80.0,0.2424,hf_fit
32.28,13.75,0.0,80.0,80.0,0.7604,hf_fit
67.35,15.92,0.0,50.0,80.0,0.8719,hf_fit
34.9,7.06,80.0,90.0,80.0,0.7377,hf_fit
32.59,3.29,90.0,100.0,80.0,0.0635,hf_fit
60.61,11.03,40.0,30.0,80.0,0.3029,hf_fit
44.58,3.67,50.0,90.0,80.0,0.2826,hf_fit
37.89,5.22,100.0,85.0,80.0,0.6793,hf_fit
31.71,0.0,25.0,30.0,72.0,0.2759,hf_fit
34.66,3.13,0.0,30.0,80.0,0.6857,hf_fit
30.73,8.67,80.0,80.0,80.0,0.118,hf_fit
40.37,1.51,100.0,90.0,80.0,0.2866,hf_fit
32.47,5.37,100.0,85.0,80.0,0.8404,hf_fit
32.0,5.0,0.0,50.0,60.0,0.8046,hf_fit
40.64,0.0,100.0,85.0,72.0,0.6753,hf_fit
49.6,5.61,0.0,85.0,80.0,0.671,hf_fit
44.45,3.64,25.0,50.0,80.0,0.8252,hf_fit
29.96,0.0,100.0,100.0,72.0,0.0515,hf_fit
45.35,4.59,100.0,90.0,80.0,0.6682,hf_fit
28.1,0.0,25.0,85.0,80.0,0.2726,hf_fit
60.9,11.66,25.0,80.0,80.0,0.8555,hf_fit
41.68,0.0,25.0,90.0,80.0,0.8266,hf_fit
43.09,6.24,0.0,90.0,80.0,0.6703,hf_fit
30.03,8.81,0.0,80.0,80.0,0.6712,hf_fit
48.09,0.0,75.0,85.0,80.0,0.0812,hf_fit
35.03,2.77,0.0,80.0,80.0,0.1111,hf_fit
27.28,6.86,0.0,10.0,80.0,0.286,hf_fit
11.19,0.9,25.0,90.0,80.0,0.1813,hf_fit
35.82,4.53,0.0,85.0,80.0,0.1586,hf_fit
39.19,10.53,50.0,85.0,80.0,0.8967,hf_fit
42.51,6.67,0.0,80.0,80.0,0.074,hf_fit
48.82,8.75,75.0,80.0,80.0,0.7436,hf_fit
53.78,12.0,0.0,80.0,80.0,0.1969,hf_fit
52.89,1.98,100.0,85.0,80.0,0.7427,hf_fit
41.08,12.41,80.0,100.0,80.0,0.1266,hf_fit
32.71,7.06,25.0,90.0,80.0,0.0869,hf_fit
37.86,3.55,0.0,50.0,80.0,0.1709,hf_fit
53.98,8.37,0.0,80.0,80.0,0.2886,hf_fit
69.67,14.4,0.0,90.0,80.0,0.8532,hf_fit
23.14,0.0,100.0,90.0,80.0,0.2688,hf_fit
34.66,0.0,100.0,85.0,80.0,0.8868,hf_fit
45.82,2.61,100.0,60.0,80.0,0.8965,hf_fit
40.48,2.46,0.0,80.0,60.0,0.1103,hf_fit
51.31,2.98,100.0,60.0,80.0,0.1633,hf_fit
37.66,7.18,0.0,80.0,80.0,0.8383,hf_fit
28.1,2.55,100.0,85.0,80.0,0.0568,hf_fit
55.47,13.85,0.0,30.0,80.0,0.7441,hf_fit
60.73,10.29,100.0,80.0,80.0,0.1262,hf_fit
52.46,0.72,100.0,85.0,80.0,0.6709,hf_fit
22.7,0.8,100.0,80.0,72.0,0.0761,hf_fit
12.93,0.61,0.0,50.0,80.0,0.0657,hf_fit
2.48,2.82,80.0,100.0,80.0,0.1669,hf_fit
58.42,10.29,100.0,85.0,80.0,0.8443,hf_fit
54.16,2.55,0.0,100.0,80.0,0.2982,hf_fit
50.39,5.19,100.0,80.0,80.0,0.7896,hf_fit
24.51,3.64,60.0,80.0,80.0,0.0824,hf_fit
42.43,3.81,100.0,85.0,80.0,0.7561,hf_fit
31.35,3.81,40.0,85.0,80.0,0.078,hf_fit
29.4,14.04,100.0,80.0,80.0,0.1126,hf_fit
46.5,2.45,25.0,80.0,80.0,0.8766,hf_fit
34.98,2.82,0.0,80.0,80.0,0.6778,hf_fit
61.04,11.83,0.0,30.0,80.0,0.7732,hf_fit
51.84,11.25,50.0,85.0,80.0,0.6528,hf_fit
38.93,8.22,50.0,90.0,60.0,0.7672,hf_fit
64.37,9.73,100.0,100.0,80.0,0.1073,hf_fit
54.08,11.25,25.0,80.0,80.0,0.6641,hf_fit
30.32,2.91,100.0,50.0,60.0,0.6797,hf_fit
48.36,5.45,0.0,85.0,80.0,0.6794,hf_fit
47.38,9.86,0.0,90.0,80.0,0.8123,hf_fit
32.53,1.18,100.0,90.0,80.0,0.0691,hf_fit
27.48,1.22,100.0,90.0,80.0,0.2034,hf_fit
33.31,11.61,100.0,100.0,80.0,0.0956,hf_fit
51.32,3.53,100.0,85.0,80.0,0.2107,hf_fit
58.56,14.37,70.0,100.0,80.0,0.1883,hf_fit
38.95,6.24,0.0,90.0,80.0,0.8365,hf_fit
54.96,5.71,0.0,85.0,80.0,0.3108,hf_fit
31.77,0.0,0.0,30.0,80.0,0.7958,hf_fit
47.73,2.61,100.0,85.0,80.0,0.8905,hf_fit
27.91,1.55,0.0,90.0,72.0,0.1574,hf_fit
42.83,0.0,70.0,85.0,80.0,0.7437,hf_fit
58.3,3.78,25.0,30.0,80.0,0.1264,hf_fit
34.35,2.46,0.0,50.0,80.0,0.1874,hf_fit
51.7,1.97,40.0,85.0,80.0,0.2772,hf_fit
29.85,2.93,70.0,80.0,80.0,0.3136,hf_fit
53.69,5.24,0.0,80.0,80.0,0.2359,hf_fit
42.4,3.87,100.0,90.0,100.0,0.7214,hf_fit
38.73,1.85,0.0,90.0,80.0,0.2829,hf_fit
8.82,1.68,100.0,80.0,80.0,0.1059,hf_fit
45.56,12.0,90.0,100.0,80.0,0.2434,hf_fit
24.39,3.75,0.0,100.0,80.0,0.1032,hf_fit
53.25,3.64,90.0,90.0,80.0,0.8671,hf_fit
54.96,7.5,0.0,85.0,80.0,0.7059,hf_fit
26.93,3.29,40.0,50.0,80.0,0.1298,hf_fit
56.11,42.0,40.0,100.0,80.0,0.8908,hf_fit
32.79,10.0,100.0,85.0,80.0,0.1991,hf_fit
68.52,18.0,0.0,90.0,80.0,0.0938,hf_fit
25.6,1.67,100.0,90.0,80.0,0.2004,hf_fit
42.55,2.26,0.0,30.0,80.0,0.1274,hf_fit
21.9,1.25,0.0,80.0,80.0,0.653,hf_fit
51.55,24.0,100.0,100.0,80.0,0.1159,hf_fit
42.0,0.72,90.0,80.0,80.0,0.2862,hf_fit
47.04,1.02,0.0,85.0,80.0,0.076,hf_fit
44.25,4.3,50.0,85.0,80.0,0.8925,hf_fit
55.04,0.99,100.0,85.0,72.0,0.294,hf_fit
42.48,2.77,75.0,80.0,80.0,0.1162,hf_fit
60.8,4.51,25.0,80.0,80.0,0.6608,hf_fit
45.18,2.67,0.0,90.0,80.0,0.1967,hf_fit
46.62,6.79,0.0,60.0,80.0,0.2805,hf_fit
41.22,1.02,0.0,85.0,80.0,0.8728,hf_fit
35.83,4.66,0.0,90.0,60.0,0.2102,hf_fit
25.06,0.92,25.0,85.0,80.0,0.2544,hf_fit
25.94,4.11,40.0,30.0,80.0,0.2852,hf_fit
45.65,5.71,50.0,90.0,80.0,0.7819,hf_fit
39.57,4.98,100.0,50.0,80.0,0.8982,hf_fit
43.65,1.23,0.0,90.0,80.0,0.0635,hf_fit
41.93,3.67,25.0,90.0,80.0,0.6684,hf_fit
30.64,5.03,100.0,100.0,80.0,0.2416,hf_fit
44.8,4.8,25.0,85.0,72.0,0.7885,hf_fit
35.13,5.58,0.0,90.0,80.0,0.261,hf_fit
65.82,13.75,100.0,50.0,80.0,0.8923,hf_fit
44.09,8.78,100.0,90.0,80.0,0.3015,hf_fit
74.98,10.0,50.0,90.0,80.0,0.7808,hf_fit
48.59,0.99,100.0,85.0,80.0,0.8073,hf_fit
20.53,0.0,90.0,85.0,80.0,0.1995,hf_fit
43.71,2.31,25.0,50.0,80.0,0.8239,hf_fit
35.08,6.15,75.0,80.0,80.0,0.7636,hf_fit
44.82,12.63,100.0,85.0,80.0,0.8069,hf_fit
53.37,2.45,0.0,10.0,80.0,0.7961,hf_fit
34.45,3.64,100.0,50.0,80.0,0.8753,hf_fit
46.72,6.92,50.0,90.0,80.0,0.3138,hf_fit
46.0,8.0,0.0,80.0,80.0,0.3045,hf_fit
50.71,8.18,100.0,85.0,80.0,0.2982,hf_fit
53.24,5.65,0.0,30.0,80.0,0.6614,hf_fit
45.85,1.99,25.0,90.0,80.0,0.2684,hf_fit
30.67,4.8,100.0,85.0,80.0,0.0574,hf_fit
54.79,5.93,0.0,80.0,80.0,0.0898,hf_fit
34.68,0.0,40.0,85.0,80.0,0.1408,hf_fit
46.0,9.23,25.0,85.0,72.0,0.7202,hf_fit
57.44,2.84,25.0,80.0,80.0,0.1936,hf_fit
49.41,3.64,100.0,85.0,80.0,0.2544,hf_fit
41.81,3.81,100.0,60.0,80.0,0.8876,hf_fit
57.82,4.08,0.0,90.0,80.0,0.8726,hf_fit
60.71,2.61,25.0,30.0,80.0,0.7639,hf_fit
28.7,8.16,25.0,90.0,80.0,0.1714,hf_fit
42.99,5.45,0.0,90.0,80.0,0.0592,hf_fit
54.43,2.03,100.0,85.0,80.0,0.805,hf_fit
65.04,11.25,25.0,50.0,80.0,0.7193,hf_fit
49.79,1.99,25.0,90.0,80.0,0.1479,hf_fit
38.94,6.14,25.0,30.0,80.0,0.697,hf_fit
47.86,6.99,100.0,90.0,80.0,0.7659,hf_fit
60.56,5.45,25.0,80.0,80.0,0.1455,hf_fit
34.57,6.99,0.0,90.0,80.0,0.7383,hf_fit
42.04,6.49,100.0,100.0,80.0,0.2944,hf_fit
53.14,31.3,100.0,85.0,80.0,0.7959,hf_fit
36.33,1.32,25.0,80.0,80.0,0.1922,hf_fit
34.1,0.64,100.0,85.0,80.0,0.3147,hf_fit
44.17,2.14,100.0,100.0,72.0,0.6694,hf_fit
35.96,8.97,90.0,90.0,80.0,0.213,hf_fit
43.69,8.24,0.0,80.0,80.0,0.8936,hf_fit
40.14,18.75,100.0,80.0,80.0,0.8966,hf_fit
52.56,10.0,80.0,50.0,80.0,0.8245,hf_fit
41.52,1.43,80.0,85.0,80.0,0.784,hf_fit
30.94,12.86,100.0,100.0,80.0,0.1063,hf_fit
17.83,1.13,0.0,90.0,80.0,0.108,hf_fit
55.35,4.57,0.0,85.0,80.0,0.7274,hf_fit
32.21,0.0,0.0,85.0,80.0,0.8534,hf_fit
44.67,10.67,0.0,80.0,80.0,0.2509,hf_fit
62.02,8.67,100.0,90.0,80.0,0.8212,hf_fit
21.55,6.86,0.0,30.0,80.0,0.6907,hf_fit
39.33,4.47,100.0,85.0,80.0,0.8777,hf_fit
39.66,13.33,100.0,50.0,80.0,0.1796,hf_fit
52.02,5.06,40.0,80.0,80.0,0.8556,hf_fit
33.5,0.0,0.0,30.0,72.0,0.8874,hf_fit
44.93,1.04,0.0,30.0,72.0,0.1274,hf_fit
30.24,0.0,0.0,85.0,80.0,0.8314,hf_fit
34.54,2.76,100.0,50.0,80.0,0.316,hf_fit
43.43,8.0,25.0,90.0,80.0,0.8034,hf_fit
63.14,17.14,0.0,90.0,80.0,0.7546,hf_fit
43.19,1.04,0.0,50.0,80.0,0.8832,hf_fit
41.82,5.83,0.0,80.0,60.0,0.2189,hf_fit
51.81,1.74,0.0,85.0,72.0,0.1784,hf_fit
49.36,16.36,0.0,85.0,80.0,0.8665,hf_fit
19.59,0.0,75.0,50.0,80.0,0.2377,hf_fit
47.63,9.03,100.0,90.0,80.0,0.319,hf_fit
35.91,3.08,50.0,85.0,80.0,0.6613,hf_fit
45.31,3.2,100.0,80.0,80.0,0.6566,hf_fit
31.97,4.0,100.0,90.0,80.0,0.0942,hf_fit
27.17,2.86,100.0,100.0,72.0,0.1623,hf_fit
53.48,11.21,75.0,85.0,80.0,0.7441,hf_fit
41.15,6.58,0.0,90.0,80.0,0.3193,hf_fit
34.24,1.14,50.0,85.0,80.0,0.1049,hf_fit
25.76,1.82,100.0,90.0,80.0,0.2399,hf_fit
27.83,2.07,0.0,30.0,80.0,0.8526,hf_fit
20.04,1.88,100.0,90.0,80.0,0.1101,hf_fit
20.15,0.0,100.0,90.0,80.0,0.0916,hf_fit
42.09,2.96,75.0,80.0,80.0,0.0993,hf_fit
76.06,18.95,100.0,85.0,80.0,0.2377,hf_fit
55.93,23.08,100.0,85.0,80.0,0.8968,hf_fit
41.17,2.03,50.0,85.0,80.0,0.6876,hf_fit
32.55,4.34,75.0,90.0,80.0,0.0914,hf_fit
23.89,4.24,100.0,90.0,80.0,0.2557,hf_fit
16.26,2.86,40.0,85.0,80.0,0.7985,hf_fit
38.01,8.37,0.0,80.0,80.0,0.2326,hf_fit
57.06,4.11,0.0,90.0,80.0,0.7452,hf_fit
26.85,6.79,0.0,90.0,80.0,0.8925,hf_fit
38.29,4.71,40.0,80.0,80.0,0.2168,hf_fit
59.02,4.31,100.0,80.0,80.0,0.0779,hf_fit
59.86,3.24,40.0,100.0,80.0,0.8605,hf_fit
54.72,5.0,100.0,85.0,80.0,0.8596,hf_fit
44.63,2.21,100.0,50.0,80.0,0.7672,hf_fit
36.77,1.09,100.0,85.0,80.0,0.7537,hf_fit
40.18,0.0,100.0,85.0,80.0,0.0681,hf_fit
33.35,3.85,0.0,90.0,80.0,0.7184,hf_fit
26.75,1.83,0.0,30.0,80.0,0.127,hf_fit
24.4,5.71,60.0,85.0,80.0,0.6641,hf_fit
29.59,4.83,0.0,50.0,80.0,0.8662,hf_fit
36.87,3.38,25.0,85.0,80.0,0.1759,hf_fit
41.31,5.07,75.0,80.0,80.0,0.8532,hf_fit
29.55,5.83,50.0,80.0,80.0,0.3058,hf_fit
32.13,4.96,40.0,85.0,80.0,0.8999,hf_fit
42.01,3.08,0.0,85.0,80.0,0.8992,hf_fit
34.52,3.75,0.0,90.0,80.0,0.3009,hf_fit
60.27,11.32,100.0,80.0,80.0,0.7889,hf_fit
24.29,3.24,50.0,100.0,80.0,0.285,hf_fit
34.45,2.26,100.0,30.0,80.0,0.085,hf_fit
50.87,5.61,25.0,85.0,80.0,0.0855,hf_fit
53.2,4.21,100.0,90.0,72.0,0.0907,hf_fit
50.83,2.26,0.0,85.0,80.0,0.8422,hf_fit
44.16,12.0,100.0,85.0,80.0,0.0536,hf_fit
43.01,6.76,100.0,50.0,80.0,0.8862,hf_fit
41.48,3.92,50.0,100.0,80.0,0.8624,hf_fit
47.2,1.14,25.0,50.0,80.0,0.7118,hf_fit
56.35,6.08,100.0,85.0,80.0,0.2641,hf_fit
25.22,4.29,100.0,90.0,80.0,0.1817,hf_fit
45.26,8.82,100.0,50.0,80.0,0.7626,hf_fit
54.07,1.8,25.0,50.0,72.0,0.6823,hf_fit
60.29,5.28,100.0,85.0,80.0,0.8885,hf_fit
57.36,6.32,100.0,85.0,80.0,0.8015,hf_fit
51.44,3.36,75.0,85.0,80.0,0.7072,hf_fit
42.29,14.4,100.0,90.0,80.0,0.8179,hf_fit
7.17,3.53,100.0,100.0,80.0,0.2276,hf_fit
31.32,4.1,25.0,80.0,80.0,0.8045,hf_fit
26.54,2.77,75.0,80.0,80.0,0.7395,hf_fit
60.58,48.0,60.0,100.0,80.0,0.6784,hf_fit
39.48,10.26,0.0,80.0,80.0,0.0887,hf_fit
68.07,6.4,25.0,90.0,80.0,0.8179,hf_fit
35.95,6.32,0.0,85.0,80.0,0.1014,hf_fit
45.18,10.31,100.0,90.0,80.0,0.7801,hf_fit
13.08,1.2,25.0,85.0,80.0,0.8431,hf_fit
32.03,0.0,25.0,85.0,80.0,0.78,hf_fit
28.79,4.47,100.0,100.0,80.0,0.863,hf_fit
28.18,1.07,100.0,50.0,72.0,0.1866,hf_fit
57.92,2.31,25.0,30.0,72.0,0.788,hf_fit
36.79,0.0,25.0,85.0,80.0,0.3176,hf_fit
65.12,16.44,0.0,80.0,80.0,0.7902,hf_fit
33.92,0.73,100.0,80.0,72.0,0.8692,hf_fit
21.56,8.57,25.0,80.0,80.0,0.0932,hf_fit
49.14,3.75,0.0,100.0,80.0,0.7509,hf_fit
55.89,10.0,0.0,80.0,80.0,0.6835,hf_fit
37.83,4.16,0.0,90.0,80.0,0.6572,hf_fit
37.9,2.76,0.0,50.0,72.0,0.2769,hf_fit
39.54,2.95,25.0,90.0,80.0,0.8388,hf_fit
45.81,2.75,0.0,80.0,72.0,0.1277,hf_fit
58.35,1.88,100.0,85.0,72.0,0.8051,hf_fit
41.61,0.0,0.0,85.0,72.0,0.2125,hf_fit
73.69,5.29,25.0,80.0,80.0,0.826,hf_fit
57.31,3.98,100.0,90.0,80.0,0.0669,hf_fit
65.04,0.0,50.0,30.0,80.0,0.7032,hf_fit
26.86,2.86,100.0,85.0,80.0,0.6841,hf_fit
28.75,5.6,25.0,85.0,80.0,0.6536,hf_fit
67.63,10.12,25.0,85.0,80.0,0.7376,hf_fit
51.0,0.99,100.0,85.0,80.0,0.2924,hf_fit
41.23,4.62,25.0,80.0,80.0,0.7975,hf_fit
35.27,4.2,25.0,85.0,80.0,0.2699,hf_fit
48.18,5.75,100.0,100.0,80.0,0.1935,hf_fit
43.35,8.57,100.0,85.0,80.0,0.3103,hf_fit
51.65,8.21,0.0,80.0,80.0,0.7481,hf_fit
61.21,0.99,100.0,85.0,80.0,0.311,hf_fit
43.69,6.76,25.0,80.0,80.0,0.7594,hf_fit
40.17,1.82,75.0,80.0,80.0,0.1719,hf_fit
37.64,4.14,70.0,100.0,80.0,0.0937,hf_fit
40.25,2.67,25.0,85.0,80.0,0.876,hf_fit
35.36,1.38,100.0,10.0,80.0,0.7371,hf_fit
15.55,2.05,0.0,90.0,72.0,0.7785,hf_fit
58.24,32.73,25.0,85.0,80.0,0.8459,hf_fit
58.93,4.38,100.0,85.0,80.0,0.1584,hf_fit
40.97,7.57,0.0,50.0,80.0,0.1544,hf_fit
45.32,6.49,60.0,100.0,80.0,0.2389,hf_fit
47.36,8.57,0.0,50.0,80.0,0.7491,hf_fit
31.2,5.71,100.0,85.0,72.0,0.0615,hf_fit
40.62,11.83,0.0,80.0,80.0,0.1395,hf_fit
42.96,12.23,0.0,90.0,80.0,0.2777,hf_fit
42.66,16.0,100.0,80.0,80.0,0.8055,hf_fit
40.8,0.0,90.0,85.0,80.0,0.8656,hf_fit
39.35,2.13,0.0,30.0,80.0,0.1808,hf_fit
28.49,3.06,0.0,80.0,80.0,0.0849,hf_fit
54.16,9.86,0.0,50.0,80.0,0.8874,hf_fit
61.5,2.75,50.0,50.0,80.0,0.2769,hf_fit
46.94,5.67,100.0,30.0,80.0,0.0729,hf_fit
29.59,2.45,0.0,50.0,80.0,0.6868,hf_fit
54.78,7.06,100.0,90.0,80.0,0.8816,hf_fit
61.95,5.68,40.0,30.0,80.0,0.773,hf_fit
30.61,1.56,80.0,90.0,80.0,0.7146,hf_fit
45.75,4.96,40.0,85.0,80.0,0.7648,hf_fit
32.38,4.57,80.0,85.0,80.0,0.895,hf_fit
29.49,0.0,100.0,90.0,100.0,0.7732,hf_fit
29.16,10.0,100.0,30.0,80.0,0.7322,hf_fit
59.79,9.04,0.0,80.0,80.0,0.2127,hf_fit
45.23,4.62,25.0,80.0,80.0,0.8084,hf_fit
29.21,2.75,80.0,90.0,80.0,0.076,hf_fit
26.51,5.64,25.0,90.0,80.0,0.71,hf_fit
33.74,3.05,50.0,85.0,80.0,0.669,hf_fit
35.75,2.86,40.0,85.0,80.0,0.065,hf_fit
18.89,0.0,100.0,80.0,80.0,0.1701,hf_fit
22.08,3.12,50.0,50.0,80.0,0.1108,hf_fit
40.66,0.0,80.0,90.0,72.0,0.2975,hf_fit
57.54,4.65,0.0,50.0,72.0,0.6822,hf_fit
59.09,4.51,25.0,30.0,80.0,0.682,hf_fit
42.67,3.75,0.0,90.0,80.0,0.2797,hf_fit
32.58,8.89,0.0,80.0,80.0,0.688,hf_fit
38.55,3.5,0.0,90.0,80.0,0.6847,hf_fit
55.9,12.34,0.0,85.0,80.0,0.8102,hf_fit
39.52,6.12,90.0,50.0,80.0,0.2179,hf_fit
48.51,3.5,0.0,90.0,80.0,0.25,hf_fit
28.77,0.0,100.0,85.0,72.0,0.1947,hf_fit
26.1,10.91,0.0,90.0,80.0,0.0779,hf_fit
30.8,3.36,0.0,30.0,80.0,0.0596,hf_fit
54.66,1.74,100.0,85.0,80.0,0.6955,hf_fit
13.77,0.0,90.0,85.0,80.0,0.1095,hf_fit
38.65,3.61,40.0,90.0,80.0,0.057,hf_fit
34.02,0.0,100.0,85.0,72.0,0.7364,hf_fit
44.46,3.19,40.0,80.0,80.0,0.8742,hf_fit
56.11,6.67,75.0,85.0,80.0,0.1518,hf_fit
43.84,11.83,100.0,50.0,80.0,0.7685,hf_fit
52.07,4.15,100.0,80.0,80.0,0.1546,hf_fit
54.19,24.0,80.0,85.0,80.0,0.8169,hf_fit
38.43,4.8,90.0,50.0,80.0,0.181,hf_fit
29.56,1.62,50.0,100.0,65.0,0.2028,hf_fit
41.21,3.47,100.0,90.0,80.0,0.6931,hf_fit
47.59,3.58,50.0,50.0,80.0,0.6981,hf_fit
45.71,18.0,40.0,100.0,80.0,0.2709,hf_fit
45.19,5.41,25.0,80.0,80.0,0.6602,hf_fit
43.82,10.43,0.0,30.0,80.0,0.1394,hf_fit
56.86,4.68,100.0,50.0,80.0,0.6922,hf_fit
47.37,16.8,40.0,80.0,80.0,0.7196,hf_fit
26.75,2.09,0.0,30.0,80.0,0.1544,hf_fit
45.62,12.79,40.0,85.0,80.0,0.6943,hf_fit
43.67,1.7,0.0,80.0,72.0,0.1815,hf_fit
23.35,8.89,50.0,30.0,80.0,0.2539,hf_fit
32.68,4.14,60.0,100.0,80.0,0.2806,hf_fit
23.22,4.53,25.0,80.0,80.0,0.1526,hf_fit
42.53,21.43,100.0,90.0,80.0,0.6722,hf_fit
35.76,3.49,50.0,80.0,80.0,0.6802,hf_fit
35.92,0.98,25.0,85.0,80.0,0.7652,hf_fit
56.74,20.0,50.0,85.0,80.0,0.3184,hf_fit
61.08,5.38,25.0,80.0,80.0,0.1173,hf_fit
41.5,0.0,0.0,85.0,72.0,0.0941,hf_fit
27.2,5.38,0.0,30.0,80.0,0.7016,hf_fit
40.01,5.0,100.0,30.0,80.0,0.7411,hf_fit
37.72,3.24,100.0,100.0,80.0,0.7759,hf_fit
33.27,2.0,0.0,80.0,80.0,0.8226,hf_fit
32.62,10.17,100.0,85.0,80.0,0.6598,hf_fit
34.78,1.3,90.0,85.0,72.0,0.0717,hf_fit
55.92,6.15,25.0,30.0,80.0,0.8499,hf_fit
49.06,10.91,50.0,90.0,80.0,0.807,hf_fit
45.73,1.39,0.0,80.0,80.0,0.6704,hf_fit
46.46,12.24,25.0,90.0,80.0,0.8684,hf_fit
36.35,3.69,0.0,50.0,80.0,0.8802,hf_fit
25.9,3.47,0.0,90.0,80.0,0.3111,hf_fit
48.58,8.85,25.0,100.0,80.0,0.6653,hf_fit
59.78,10.12,25.0,80.0,80.0,0.7192,hf_fit
37.68,1.22,100.0,50.0,80.0,0.1933,hf_fit
23.07,12.41,100.0,90.0,80.0,0.2146,hf_fit
50.36,4.08,0.0,90.0,80.0,0.2064,hf_fit
50.64,1.45,80.0,80.0,80.0,0.8516,hf_fit
28.52,0.0,40.0,85.0,80.0,0.2166,hf_fit
30.11,5.45,90.0,85.0,80.0,0.8371,hf_fit
42.65,10.71,100.0,100.0,80.0,0.6961,hf_fit
66.68,15.0,25.0,90.0,80.0,0.7023,hf_fit
43.98,4.53,0.0,60.0,80.0,0.054,hf_fit
68.51,3.96,50.0,80.0,80.0,0.7426,hf_fit
42.29,1.89,25.0,80.0,72.0,0.7711,hf_fit
39.68,2.73,0.0,85.0,80.0,0.8046,hf_fit
42.07,10.53,100.0,100.0,80.0,0.7422,hf_fit
27.16,0.0,25.0,50.0,80.0,0.2029,hf_fit
21.01,3.08,0.0,80.0,72.0,0.0816,hf_fit
49.53,8.41,75.0,80.0,80.0,0.1571,hf_fit
61.4,3.66,50.0,50.0,60.0,0.7656,hf_fit
43.73,5.45,0.0,85.0,80.0,0.2807,hf_fit
33.88,6.39,100.0,50.0,80.0,0.8369,hf_fit
40.08,2.73,0.0,85.0,80.0,0.6592,hf_fit
45.28,6.41,0.0,80.0,80.0,0.7131,hf_fit
35.75,3.38,0.0,80.0,80.0,0.1706,hf_fit
39.57,7.5,40.0,85.0,80.0,0.1923,hf_fit
49.18,8.42,50.0,85.0,80.0,0.8283,hf_fit
27.01,1.82,40.0,50.0,80.0,0.2176,hf_fit
44.75,2.73,0.0,85.0,72.0,0.8738,hf_fit
39.95,8.28,100.0,90.0,80.0,0.7779,hf_fit
0.0,2.12,100.0,100.0,80.0,0.783,hf_fit
33.48,0.0,100.0,85.0,72.0,0.6768,hf_fit
45.97,9.96,100.0,80.0,80.0,0.7619,hf_fit
38.81,8.42,100.0,85.0,80.0,0.7832,hf_fit
53.75,7.54,25.0,90.0,80.0,0.7106,hf_fit
45.77,9.06,0.0,85.0,80.0,0.1569,hf_fit
42.64,4.51,25.0,90.0,80.0,0.7173,hf_fit
62.09,16.0,60.0,80.0,80.0,0.7443,hf_fit
48.64,2.36,25.0,80.0,72.0,0.0753,hf_fit
42.43,0.0,50.0,50.0,80.0,0.0558,hf_fit
28.25,3.43,40.0,85.0,80.0,0.2707,hf_fit
28.24,2.26,75.0,100.0,80.0,0.2844,hf_fit
32.79,2.26,0.0,85.0,72.0,0.155,hf_fit
58.36,13.04,0.0,80.0,80.0,0.0634,hf_fit
41.0,0.92,100.0,80.0,80.0,0.273,hf_fit
27.48,1.37,25.0,50.0,80.0,0.2661,hf_fit
41.83,9.23,100.0,80.0,80.0,0.2453,hf_fit
64.28,5.78,80.0,100.0,80.0,0.655,hf_fit
41.12,4.0,100.0,80.0,80.0,0.7305,hf_fit
28.18,4.44,25.0,90.0,80.0,0.0568,hf_fit
57.37,2.24,100.0,85.0,80.0,0.7029,hf_fit
62.21,7.67,0.0,80.0,80.0,0.2211,hf_fit
50.32,3.5,0.0,80.0,80.0,0.7319,hf_fit
38.77,0.0,100.0,85.0,80.0,0.2831,hf_fit
27.69,0.0,0.0,85.0,80.0,0.2283,hf_fit
28.59,11.54,0.0,90.0,80.0,0.2979,hf_fit
48.49,6.0,40.0,100.0,80.0,0.6799,hf_fit
46.69,10.53,100.0,90.0,80.0,0.8726,hf_fit
66.93,7.35,0.0,90.0,80.0,0.7984,hf_fit
49.87,0.0,0.0,85.0,80.0,0.8198,hf_fit
32.06,2.64,50.0,90.0,80.0,0.8473,hf_fit
45.45,2.99,25.0,90.0,80.0,0.0804,hf_fit
21.66,2.07,75.0,80.0,80.0,0.3181,hf_fit
13.3,0.6,25.0,85.0,80.0,0.7746,hf_fit
46.9,6.25,0.0,80.0,80.0,0.6717,hf_fit
36.47,3.08,0.0,85.0,80.0,0.2123,hf_fit
43.64,1.98,40.0,85.0,72.0,0.2919,hf_fit
36.2,0.0,40.0,80.0,80.0,0.2403,hf_fit
51.78,2.32,0.0,90.0,80.0,0.7843,hf_fit
24.21,0.0,100.0,100.0,80.0,0.2856,hf_fit
14.33,0.0,80.0,30.0,80.0,0.2338,hf_fit
36.45,3.66,0.0,80.0,80.0,0.7967,hf_fit
46.08,9.23,0.0,80.0,80.0,0.3163,hf_fit
58.48,11.32,0.0,85.0,80.0,0.8364,hf_fit
29.72,3.85,70.0,80.0,80.0,0.1934,hf_fit
27.51,3.31,25.0,90.0,80.0,0.2357,hf_fit
28.38,8.44,100.0,90.0,80.0,0.2005,hf_fit
42.49,2.32,100.0,80.0,80.0,0.7579,hf_fit
66.41,4.8,70.0,90.0,80.0,0.6819,hf_fit
26.61,9.6,0.0,90.0,80.0,0.7209,hf_fit
41.94,2.03,100.0,85.0,80.0,0.0911,hf_fit
38.13,5.71,90.0,80.0,80.0,0.7408,hf_fit
31.82,2.73,50.0,80.0,80.0,0.2556,hf_fit
32.99,4.0,25.0,50.0,80.0,0.1477,hf_fit
58.55,10.91,100.0,85.0,80.0,0.8115,hf_fit
46.32,5.68,0.0,50.0,60.0,0.7927,hf_fit
41.0,2.36,75.0,50.0,80.0,0.739,hf_fit
49.4,7.5,50.0,80.0,80.0,0.2421,hf_fit
46.01,4.72,100.0,80.0,80.0,0.1438,hf_fit
51.67,5.29,25.0,50.0,80.0,0.8966,hf_fit
48.4,4.8,50.0,80.0,72.0,0.2943,hf_fit
43.57,2.24,60.0,90.0,80.0,0.2696,hf_fit
43.33,0.92,25.0,85.0,72.0,0.8014,hf_fit
28.21,40.0,100.0,85.0,80.0,0.7093,hf_fit
35.45,0.0,0.0,85.0,80.0,0.1907,hf_fit
59.7,8.18,100.0,100.0,80.0,0.6754,hf_fit
40.85,12.0,0.0,80.0,80.0,0.2379,hf_fit
20.65,6.0,100.0,90.0,72.0,0.6882,hf_fit
45.56,6.79,0.0,85.0,80.0,0.7115,hf_fit
36.41,1.46,0.0,80.0,80.0,0.0785,hf_fit
48.46,10.67,0.0,90.0,80.0,0.2743,hf_fit
47.79,6.0,80.0,85.0,80.0,0.1538,hf_fit
48.08,9.06,0.0,90.0,80.0,0.6902,hf_fit
50.8,5.93,0.0,80.0,80.0,0.6966,hf_fit
51.06,4.57,0.0,85.0,72.0,0.7213,hf_fit
52.13,11.57,25.0,85.0,80.0,0.6933,hf_fit
62.13,12.63,50.0,85.0,80.0,0.8742,hf_fit
32.45,1.74,100.0,85.0,80.0,0.6701,hf_fit
52.38,10.53,100.0,100.0,80.0,0.7811,hf_fit
54.08,9.23,25.0,80.0,72.0,0.7526,hf_fit
49.56,3.75,0.0,100.0,80.0,0.2079,hf_fit
56.46,8.76,50.0,50.0,80.0,0.8956,hf_fit
36.42,2.32,0.0,90.0,80.0,0.1271,hf_fit
32.6,5.22,100.0,85.0,80.0,0.678,hf_fit
21.57,3.19,40.0,85.0,80.0,0.1226,hf_fit
30.44,7.5,0.0,85.0,80.0,0.1768,hf_fit
51.01,5.22,0.0,90.0,80.0,0.7495,hf_fit
45.58,6.79,100.0,90.0,72.0,0.2563,hf_fit
38.57,0.0,90.0,85.0,80.0,0.8924,hf_fit
32.42,2.35,100.0,85.0,80.0,0.0963,hf_fit
43.03,8.42,100.0,100.0,80.0,0.8664,hf_fit
32.61,1.1,100.0,10.0,72.0,0.2864,hf_fit
58.71,10.91,0.0,85.0,80.0,0.8543,hf_fit
39.28,6.58,0.0,50.0,80.0,0.1403,hf_fit
34.07,3.87,0.0,80.0,80.0,0.2884,hf_fit
45.62,5.03,0.0,30.0,72.0,0.7145,hf_fit
34.58,6.67,100.0,30.0,80.0,0.6927,hf_fit
50.99,12.11,80.0,80.0,80.0,0.8172,hf_fit
29.21,4.62,40.0,50.0,80.0,0.2587,hf_fit
39.44,4.86,0.0,90.0,80.0,0.1177,hf_fit
73.43,7.32,75.0,80.0,80.0,0.8823,hf_fit
28.54,0.0,100.0,90.0,80.0,0.1137,hf_fit
54.93,5.77,25.0,90.0,80.0,0.7892,hf_fit
34.69,1.36,50.0,50.0,80.0,0.2146,hf_fit
31.6,1.83,50.0,80.0,80.0,0.7929,hf_fit
33.04,11.43,90.0,90.0,80.0,0.0934,hf_fit
37.17,1.17,25.0,90.0,72.0,0.72,hf_fit
51.46,2.16,100.0,80.0,80.0,0.1448,hf_fit
45.0,10.37,0.0,80.0,80.0,0.1161,hf_fit
42.83,7.55,75.0,50.0,80.0,0.8424,hf_fit
49.98,6.32,80.0,100.0,80.0,0.6968,hf_fit
33.93,1.13,0.0,80.0,80.0,0.2701,hf_fit
41.05,0.0,100.0,90.0,80.0,0.7309,hf_fit
46.27,7.62,90.0,90.0,80.0,0.7564,hf_fit
41.46,8.14,0.0,85.0,80.0,0.2242,hf_fit
37.95,1.74,100.0,85.0,72.0,0.1015,hf_fit
40.74,6.51,100.0,100.0,80.0,0.7769,hf_fit
32.2,1.54,25.0,90.0,60.0,0.3056,hf_fit
38.94,4.32,90.0,90.0,80.0,0.2025,hf_fit
34.44,3.81,0.0,50.0,80.0,0.7106,hf_fit
55.7,7.12,75.0,85.0,80.0,0.3195,hf_fit
36.04,4.47,100.0,85.0,80.0,0.6787,hf_fit
56.78,48.0,70.0,100.0,80.0,0.3085,hf_fit
46.03,2.58,0.0,85.0,80.0,0.8027,hf_fit
33.72,4.0,100.0,30.0,80.0,0.7222,hf_fit
57.53,6.19,100.0,50.0,80.0,0.7953,hf_fit
38.31,11.85,0.0,50.0,80.0,0.1925,hf_fit
56.21,2.24,25.0,85.0,80.0,0.3078,hf_fit
53.81,5.22,0.0,90.0,80.0,0.6886,hf_fit
43.19,12.86,100.0,100.0,80.0,0.0791,hf_fit
43.92,6.28,0.0,30.0,80.0,0.7703,hf_fit
44.05,17.14,40.0,85.0,80.0,0.1134,hf_fit
66.69,0.0,50.0,80.0,80.0,0.7831,hf_fit
47.53,7.54,0.0,80.0,80.0,0.663,hf_fit
30.97,15.65,25.0,85.0,80.0,0.184,hf_fit
42.76,1.39,50.0,80.0,80.0,0.315,hf_fit
34.97,2.09,0.0,30.0,80.0,0.2859,hf_fit
32.0,4.57,100.0,50.0,80.0,0.1449,hf_fit
47.79,6.92,75.0,80.0,80.0,0.7342,hf_fit
20.84,3.13,100.0,10.0,80.0,0.185,hf_fit
39.48,3.67,100.0,50.0,80.0,0.1689,hf_fit
44.17,9.6,40.0,50.0,80.0,0.6836,hf_fit
43.94,10.38,100.0,90.0,80.0,0.6658,hf_fit
44.09,2.73,0.0,85.0,80.0,0.8975,hf_fit
22.42,4.53,100.0,100.0,80.0,0.2906,hf_fit
52.48,13.58,40.0,80.0,80.0,0.7306,hf_fit
61.03,4.29,80.0,100.0,80.0,0.1482,hf_fit
51.25,0.0,100.0,85.0,80.0,0.0777,hf_fit
50.2,3.12,40.0,30.0,80.0,0.0966,hf_fit
60.97,16.0,0.0,50.0,80.0,0.3085,hf_fit
38.52,4.71,0.0,100.0,80.0,0.8525,hf_fit
34.05,9.6,100.0,90.0,80.0,0.1414,hf_fit
21.47,1.18,0.0,90.0,80.0,0.1409,hf_fit
53.16,13.33,0.0,90.0,80.0,0.7137,hf_fit
32.89,1.8,25.0,80.0,80.0,0.2235,hf_fit
48.71,7.23,25.0,85.0,72.0,0.8204,hf_fit
49.42,7.5,0.0,85.0,80.0,0.1191,hf_fit
46.16,16.31,100.0,90.0,80.0,0.8401,hf_fit
35.89,15.38,0.0,80.0,80.0,0.7989,hf_fit
37.93,3.24,100.0,60.0,80.0,0.7679,hf_fit
12.51,2.19,100.0,80.0,80.0,0.244,hf_fit
41.92,18.0,100.0,80.0,80.0,0.3047,hf_fit
54.59,3.13,80.0,85.0,80.0,0.2957,hf_fit
46.48,8.0,80.0,90.0,80.0,0.753,hf_fit
33.33,6.32,25.0,50.0,80.0,0.7372,hf_fit
31.47,6.45,75.0,90.0,80.0,0.0956,hf_fit
42.94,9.23,0.0,80.0,80.0,0.1517,hf_fit
45.19,0.0,100.0,85.0,80.0,0.2349,hf_fit
27.18,3.3,0.0,50.0,80.0,0.8824,hf_fit
23.35,0.0,0.0,100.0,80.0,0.8577,hf_fit
24.19,2.83,100.0,90.0,80.0,0.8913,hf_fit
29.72,2.89,75.0,90.0,80.0,0.0695,hf_fit
27.72,9.77,25.0,100.0,80.0,0.1065,hf_fit
26.06,6.4,25.0,85.0,80.0,0.0806,hf_fit
47.24,3.36,0.0,85.0,80.0,0.6811,hf_fit
32.28,6.23,50.0,80.0,72.0,0.8327,hf_fit
42.47,2.73,0.0,90.0,80.0,0.2061,hf_fit
46.41,7.45,25.0,50.0,80.0,0.2432,hf_fit
39.9,8.57,25.0,80.0,80.0,0.8846,hf_fit
24.54,1.04,100.0,30.0,80.0,0.1268,hf_fit
32.95,0.0,0.0,30.0,80.0,0.198,hf_fit
19.26,5.51,50.0,30.0,80.0,0.19,hf_fit
36.0,2.93,100.0,50.0,80.0,0.2543,hf_fit
23.06,0.0,100.0,85.0,80.0,0.283,hf_fit
42.22,12.0,0.0,80.0,80.0,0.6953,hf_fit
59.32,2.64,100.0,80.0,80.0,0.234,hf_fit
43.72,2.67,0.0,90.0,72.0,0.1165,hf_fit
56.11,20.38,0.0,90.0,80.0,0.6666,hf_fit
32.25,1.69,0.0,80.0,80.0,0.8353,hf_fit
24.27,8.46,50.0,80.0,80.0,0.1579,hf_fit
39.72,5.49,25.0,90.0,80.0,0.2743,hf_fit
36.96,0.0,0.0,85.0,80.0,0.7936,hf_fit
56.2,12.0,0.0,90.0,80.0,0.8605,hf_fit
47.08,0.8,100.0,85.0,80.0,0.6849,hf_fit
24.87,0.86,90.0,10.0,80.0,0.8488,hf_fit
38.24,1.23,0.0,90.0,80.0,0.1944,hf_fit
45.91,1.85,0.0,90.0,80.0,0.7004,hf_fit
38.55,2.83,0.0,90.0,80.0,0.6909,hf_fit
21.71,3.87,100.0,100.0,80.0,0.2562,hf_fit
36.66,4.44,0.0,50.0,80.0,0.6911,hf_fit
32.54,5.33,0.0,80.0,80.0,0.8536,hf_fit
53.27,10.55,25.0,90.0,80.0,0.8163,hf_fit
55.8,8.12,25.0,50.0,80.0,0.7808,hf_fit
43.14,0.0,60.0,80.0,80.0,0.7397,hf_fit
38.72,0.0,100.0,85.0,80.0,0.2279,hf_fit
27.4,5.14,0.0,50.0,80.0,0.0678,hf_fit
24.94,1.84,0.0,30.0,80.0,0.8693,hf_fit
51.02,4.75,0.0,100.0,80.0,0.0888,hf_fit
31.54,0.72,90.0,50.0,72.0,0.7481,hf_fit
40.48,2.29,25.0,50.0,80.0,0.1098,hf_fit
32.87,3.13,100.0,85.0,80.0,0.8541,hf_fit
33.35,10.71,100.0,100.0,80.0,0.1724,hf_fit
27.63,3.87,100.0,90.0,80.0,0.2015,hf_fit
55.42,9.23,25.0,30.0,80.0,0.7598,hf_fit
28.32,4.29,0.0,50.0,80.0,0.0614,hf_fit
53.2,5.56,100.0,50.0,80.0,0.2009,hf_fit
47.19,5.8,0.0,90.0,80.0,0.7442,hf_fit
66.17,4.57,100.0,80.0,80.0,0.1269,hf_fit
36.15,0.0,75.0,85.0,80.0,0.2926,hf_fit
29.45,2.56,40.0,90.0,80.0,0.0968,hf_fit
40.66,1.33,25.0,90.0,80.0,0.7657,hf_fit
39.64,8.46,60.0,50.0,80.0,0.7253,hf_fit
37.64,5.14,100.0,50.0,80.0,0.8369,hf_fit
39.79,3.74,100.0,50.0,80.0,0.0623,hf_fit
52.37,15.85,0.0,90.0,80.0,0.7757,hf_fit
41.79,2.35,0.0,85.0,80.0,0.2227,hf_fit
46.52,4.08,0.0,90.0,80.0,0.1607,hf_fit
51.09,14.4,0.0,90.0,80.0,0.7081,hf_fit
44.55,6.49,100.0,85.0,80.0,0.8749,hf_fit
50.68,2.26,0.0,85.0,80.0,0.2593,hf_fit
42.18,9.6,0.0,90.0,80.0,0.1415,hf_fit
64.57,2.73,75.0,100.0,80.0,0.1996,hf_fit
42.0,4.66,25.0,90.0,80.0,0.746,hf_fit
32.36,3.91,40.0,85.0,80.0,0.1163,hf_fit
30.53,1.84,0.0,50.0,72.0,0.7859,hf_fit
38.16,1.88,0.0,80.0,72.0,0.8766,hf_fit
27.65,9.06,40.0,50.0,80.0,0.307,hf_fit
31.68,0.0,100.0,85.0,72.0,0.8061,hf_fit
24.03,2.91,100.0,85.0,80.0,0.6792,hf_fit
25.15,0.0,100.0,30.0,80.0,0.885,hf_fit
49.35,5.22,100.0,85.0,72.0,0.3056,hf_fit
45.95,2.46,0.0,80.0,80.0,0.2407,hf_fit
41.03,5.03,100.0,85.0,80.0,0.1285,hf_fit
35.54,10.0,0.0,80.0,80.0,0.1489,hf_fit
43.17,3.08,0.0,90.0,80.0,0.1513,hf_fit
50.88,9.8,25.0,90.0,80.0,0.8069,hf_fit
52.93,3.87,0.0,90.0,80.0,0.072,hf_fit
53.5,10.53,70.0,100.0,80.0,0.7337,hf_fit
46.84,5.0,70.0,85.0,80.0,0.1022,hf_fit
34.47,5.07,0.0,50.0,80.0,0.6848,hf_fit
44.31,3.04,100.0,85.0,80.0,0.8485,hf_fit
47.76,5.45,100.0,85.0,80.0,0.805,hf_fit
33.46,4.29,0.0,50.0,80.0,0.7834,hf_fit
52.08,5.62,100.0,85.0,80.0,0.1118,hf_fit
35.95,3.53,80.0,90.0,80.0,0.3076,hf_fit
44.51,1.6,100.0,50.0,80.0,0.8735,hf_fit
34.97,0.0,25.0,80.0,80.0,0.2153,hf_fit
50.32,0.0,0.0,85.0,80.0,0.8471,hf_fit
44.77,7.69,0.0,90.0,80.0,0.185,hf_fit
34.55,2.35,0.0,90.0,80.0,0.2263,hf_fit
32.17,0.0,25.0,85.0,80.0,0.145,hf_fit
25.21,0.0,50.0,85.0,80.0,0.1821,hf_fit
58.6,6.0,100.0,90.0,80.0,0.6879,hf_fit
46.14,4.66,0.0,50.0,80.0,0.1349,hf_fit
52.95,3.78,25.0,80.0,80.0,0.7279,hf_fit
23.49,4.19,0.0,80.0,80.0,0.0961,hf_fit
32.63,10.12,100.0,85.0,80.0,0.7121,hf_fit
72.68,8.37,0.0,80.0,80.0,0.2681,hf_fit
45.83,4.64,0.0,90.0,80.0,0.836,hf_fit
55.11,3.81,100.0,80.0,80.0,0.6584,hf_fit
41.48,1.02,70.0,85.0,80.0,0.7925,hf_fit
25.05,4.29,100.0,50.0,80.0,0.8406,hf_fit
56.85,6.39,50.0,80.0,80.0,0.8692,hf_fit
41.42,3.71,75.0,50.0,80.0,0.7355,hf_fit
31.39,4.86,90.0,100.0,80.0,0.2264,hf_fit
35.64,4.53,0.0,85.0,80.0,0.8553,hf_fit
35.86,6.96,100.0,85.0,80.0,0.122,hf_fit
48.73,4.8,25.0,90.0,80.0,0.6777,hf_fit
44.33,6.96,0.0,90.0,80.0,0.101,hf_fit
52.99,5.11,100.0,100.0,80.0,0.8616,hf_fit
63.85,6.28,0.0,80.0,80.0,0.0574,hf_fit
52.41,8.85,100.0,100.0,80.0,0.3128,hf_fit
26.7,3.21,25.0,90.0,80.0,0.2116,hf_fit
60.57,5.22,75.0,80.0,80.0,0.6819,hf_fit
51.9,3.58,50.0,90.0,80.0,0.7493,hf_fit
12.38,12.6,100.0,85.0,80.0,0.8493,hf_fit
29.9,12.82,0.0,80.0,80.0,0.1215,hf_fit
41.58,3.5,0.0,90.0,80.0,0.2695,hf_fit
32.81,0.0,0.0,85.0,100.0,0.2548,hf_fit
42.09,0.0,100.0,85.0,80.0,0.2692,hf_fit
29.76,1.88,25.0,90.0,80.0,0.6875,hf_fit
34.03,11.32,0.0,85.0,80.0,0.2782,hf_fit
50.27,13.15,0.0,50.0,80.0,0.7073,hf_fit
25.82,2.57,100.0,30.0,80.0,0.8306,hf_fit
31.71,4.53,100.0,100.0,80.0,0.83,hf_fit
49.88,8.45,0.0,80.0,80.0,0.8103,hf_fit
46.55,3.13,100.0,50.0,80.0,0.0534,hf_fit
75.99,6.79,80.0,85.0,80.0,0.8235,hf_fit
39.7,0.0,80.0,85.0,80.0,0.7857,hf_fit
15.07,2.71,100.0,90.0,80.0,0.7129,hf_fit
63.12,9.23,25.0,80.0,80.0,0.7364,hf_fit
56.56,5.71,100.0,80.0,80.0,0.0673,hf_fit
32.8,4.44,0.0,80.0,72.0,0.2152,hf_fit
28.88,4.58,0.0,80.0,80.0,0.0953,hf_fit
35.51,0.69,0.0,50.0,80.0,0.6954,hf_fit
42.64,6.9,90.0,80.0,80.0,0.1563,hf_fit
37.3,3.08,0.0,85.0,80.0,0.2894,hf_fit
41.71,0.0,75.0,90.0,80.0,0.214,hf_fit
53.99,18.18,25.0,85.0,80.0,0.8771,hf_fit
36.57,8.57,0.0,80.0,80.0,0.7958,hf_fit
40.21,0.91,75.0,90.0,72.0,0.14,hf_fit
73.95,13.64,0.0,85.0,80.0,0.7502,hf_fit
37.18,4.66,0.0,90.0,80.0,0.7655,hf_fit
23.19,2.09,0.0,30.0,80.0,0.2491,hf_fit
35.64,4.62,0.0,80.0,80.0,0.8868,hf_fit
41.04,6.08,50.0,90.0,80.0,0.2927,hf_fit
49.76,7.45,90.0,80.0,80.0,0.6883,hf_fit
45.35,0.0,0.0,85.0,80.0,0.2336,hf_fit
12.17,6.0,100.0,85.0,80.0,0.1669,hf_fit
48.04,13.85,75.0,30.0,80.0,0.2766,hf_fit
32.0,4.98,80.0,80.0,80.0,0.7966,hf_fit
32.15,3.24,0.0,85.0,80.0,0.1147,hf_fit
34.49,3.19,50.0,85.0,80.0,0.7765,hf_fit
37.75,7.55,25.0,85.0,80.0,0.1926,hf_fit
53.5,12.57,50.0,90.0,80.0,0.3161,hf_fit
28.4,0.0,100.0,85.0,80.0,0.0836,hf_fit
42.03,0.0,0.0,85.0,80.0,0.1157,hf_fit
26.08,4.71,0.0,100.0,80.0,0.8029,hf_fit
41.66,8.45,100.0,80.0,80.0,0.6545,hf_fit
68.14,12.63,100.0,85.0,80.0,0.868,hf_fit
60.97,6.79,0.0,80.0,80.0,0.883,hf_fit
37.07,11.02,100.0,90.0,80.0,0.2179,hf_fit
30.91,5.83,0.0,90.0,80.0,0.7913,hf_fit
44.31,10.0,100.0,85.0,80.0,0.0788,hf_fit
63.26,22.5,100.0,85.0,80.0,0.8242,hf_fit
25.83,0.0,75.0,90.0,80.0,0.1145,hf_fit
37.88,0.99,100.0,85.0,80.0,0.1792,hf_fit
41.87,3.0,60.0,80.0,80.0,0.2336,hf_fit
46.68,2.73,25.0,85.0,80.0,0.8806,hf_fit
50.1,2.09,100.0,85.0,80.0,0.2495,hf_fit
54.99,13.15,50.0,90.0,80.0,0.1117,hf_fit
53.16,6.49,70.0,100.0,80.0,0.2761,hf_fit
10.86,0.0,100.0,90.0,80.0,0.3114,hf_fit
35.59,2.64,40.0,80.0,80.0,0.1981,hf_fit
43.42,3.24,100.0,50.0,80.0,0.2108,hf_fit
51.79,5.58,0.0,30.0,80.0,0.1666,hf_fit
47.13,4.14,100.0,90.0,80.0,0.8268,hf_fit
52.14,10.53,0.0,50.0,72.0,0.2238,hf_fit
33.91,0.94,100.0,90.0,80.0,0.6881,hf_fit
65.03,8.0,0.0,80.0,80.0,0.0526,hf_fit
37.94,2.61,90.0,85.0,80.0,0.7941,hf_fit
52.64,4.66,40.0,90.0,80.0,0.8017,hf_fit
56.72,6.59,100.0,80.0,80.0,0.756,hf_fit
41.28,1.02,0.0,85.0,80.0,0.2151,hf_fit
50.73,4.39,0.0,80.0,60.0,0.8341,hf_fit
21.49,1.97,100.0,85.0,80.0,0.8836,hf_fit
36.14,3.75,0.0,90.0,80.0,0.1099,hf_fit
57.48,3.64,75.0,80.0,72.0,0.2017,hf_fit
44.99,17.14,90.0,85.0,80.0,0.1367,hf_fit
35.95,12.63,100.0,100.0,80.0,0.8814,hf_fit
60.51,4.97,0.0,80.0,80.0,0.7627,hf_fit
53.78,21.82,0.0,85.0,80.0,0.6783,hf_fit
47.68,4.4,100.0,30.0,80.0,0.268,hf_fit
32.27,0.62,0.0,90.0,80.0,0.0733,hf_fit
50.0,7.35,100.0,80.0,80.0,0.8962,hf_fit
32.19,3.75,80.0,85.0,80.0,0.8597,hf_fit
28.64,1.85,0.0,30.0,80.0,0.2343,hf_fit
36.09,3.77,100.0,100.0,80.0,0.2405,hf_fit
39.7,3.56,100.0,90.0,80.0,0.3149,hf_fit
50.94,2.26,0.0,85.0,80.0,0.1393,hf_fit
43.05,14.06,100.0,90.0,80.0,0.6812,hf_fit
35.45,2.33,0.0,50.0,80.0,0.8802,hf_fit
50.86,7.86,80.0,90.0,80.0,0.2346,hf_fit
53.64,12.0,100.0,90.0,80.0,0.2927,hf_fit
49.52,5.68,0.0,50.0,80.0,0.8675,hf_fit
54.04,12.23,100.0,90.0,80.0,0.7797,hf_fit
23.11,4.46,40.0,30.0,80.0,0.1152,hf_fit
42.81,1.79,100.0,90.0,80.0,0.082,hf_fit
41.94,10.37,0.0,80.0,80.0,0.1877,hf_fit
50.92,2.61,0.0,30.0,80.0,0.1108,hf_fit
39.0,6.76,0.0,80.0,80.0,0.1264,hf_fit
60.49,1.82,100.0,85.0,80.0,0.7978,hf_fit
39.47,4.36,100.0,80.0,80.0,0.7498,hf_fit
36.57,1.8,25.0,80.0,80.0,0.1311,hf_fit
37.81,0.0,0.0,85.0,80.0,0.6637,hf_fit
16.96,3.28,40.0,50.0,80.0,0.2335,hf_fit
57.56,4.9,0.0,50.0,80.0,0.7338,hf_fit
37.24,2.45,25.0,80.0,80.0,0.3114,hf_fit
46.72,5.77,100.0,80.0,80.0,0.8507,hf_fit
38.17,5.79,25.0,80.0,80.0,0.6512,hf_fit
44.14,2.91,25.0,85.0,80.0,0.7334,hf_fit
59.88,6.67,50.0,85.0,80.0,0.7495,hf_fit
34.3,3.5,0.0,90.0,80.0,0.2037,hf_fit
29.55,0.93,100.0,90.0,80.0,0.1441,hf_fit
37.93,6.04,100.0,90.0,80.0,0.2589,hf_fit
37.75,5.0,100.0,80.0,72.0,0.7843,hf_fit
54.73,10.12,25.0,80.0,80.0,0.88,hf_fit
47.35,5.45,0.0,100.0,80.0,0.7366,hf_fit
47.69,0.0,100.0,85.0,80.0,0.2008,hf_fit
17.42,2.31,100.0,100.0,80.0,0.2483,hf_fit
49.84,4.65,0.0,90.0,80.0,0.2903,hf_fit
19.14,2.67,75.0,90.0,80.0,0.1187,hf_fit
49.43,2.47,0.0,80.0,80.0,0.1919,hf_fit
25.36,13.33,50.0,90.0,60.0,0.0984,hf_fit
33.19,4.29,0.0,50.0,80.0,0.7367,hf_fit
29.77,0.0,80.0,85.0,80.0,0.0928,hf_fit
56.38,5.06,70.0,100.0,80.0,0.2134,hf_fit
34.52,5.08,50.0,85.0,80.0,0.8344,hf_fit
40.85,3.55,0.0,80.0,80.0,0.7631,hf_fit
56.13,5.87,0.0,30.0,80.0,0.7062,hf_fit
59.8,5.5,0.0,80.0,80.0,0.7631,hf_fit
52.51,3.43,25.0,80.0,80.0,0.0904,hf_fit
51.81,4.92,25.0,85.0,80.0,0.6852,hf_fit
37.82,9.23,100.0,85.0,80.0,0.6941,hf_fit
53.52,10.71,100.0,100.0,80.0,0.7746,hf_fit
46.65,3.53,100.0,80.0,80.0,0.2616,hf_fit
39.56,9.23,100.0,90.0,80.0,0.7547,hf_fit
34.86,4.26,0.0,80.0,80.0,0.1477,hf_fit
29.87,11.21,60.0,80.0,80.0,0.8787,hf_fit
55.87,11.43,80.0,85.0,80.0,0.0517,hf_fit
53.65,8.57,40.0,85.0,80.0,0.2325,hf_fit
55.07,13.85,100.0,90.0,80.0,0.7406,hf_fit
46.72,21.18,100.0,85.0,80.0,0.7951,hf_fit
24.62,5.81,90.0,80.0,80.0,0.1725,hf_fit
38.42,2.09,0.0,50.0,80.0,0.1178,hf_fit
40.46,2.03,0.0,85.0,80.0,0.1063,hf_fit
52.17,3.43,100.0,30.0,80.0,0.8081,hf_fit
43.74,5.0,90.0,50.0,80.0,0.6533,hf_fit
43.92,2.87,100.0,90.0,80.0,0.0922,hf_fit
58.28,13.71,100.0,80.0,80.0,0.8159,hf_fit
44.98,7.86,100.0,50.0,80.0,0.6945,hf_fit
71.74,3.33,50.0,80.0,80.0,0.0696,hf_fit
20.2,7.87,60.0,90.0,80.0,0.0616,hf_fit
57.37,18.0,0.0,80.0,80.0,0.8903,hf_fit
47.12,20.87,25.0,60.0,80.0,0.6872,hf_fit
22.13,4.0,100.0,100.0,80.0,0.1435,hf_fit
36.9,5.71,75.0,80.0,80.0,0.7537,hf_fit
36.71,6.91,100.0,50.0,80.0,0.2607,hf_fit
40.04,0.0,100.0,85.0,80.0,0.0747,hf_fit
44.64,6.86,100.0,90.0,80.0,0.1885,hf_fit
43.76,3.75,25.0,80.0,80.0,0.1571,hf_fit
43.88,10.53,100.0,100.0,80.0,0.6713,hf_fit
41.11,1.79,50.0,90.0,80.0,0.8992,hf_fit
40.64,3.08,0.0,30.0,80.0,0.7755,hf_fit
52.12,0.0,0.0,90.0,80.0,0.7988,hf_fit
41.0,2.73,100.0,85.0,100.0,0.6668,hf_fit
40.16,0.0,0.0,85.0,72.0,0.1951,hf_fit
31.57,7.5,0.0,85.0,80.0,0.1415,hf_fit
66.45,6.52,25.0,80.0,80.0,0.2286,hf_fit
52.57,13.04,0.0,80.0,80.0,0.0626,hf_fit
38.49,0.0,75.0,85.0,80.0,0.8375,hf_fit
52.11,14.63,100.0,90.0,80.0,0.1249,hf_fit
35.23,0.62,50.0,85.0,80.0,0.0789,hf_fit
54.69,6.22,25.0,80.0,80.0,0.7025,hf_fit
70.31,17.14,80.0,90.0,80.0,0.1928,hf_fit
21.46,0.0,25.0,80.0,80.0,0.225,hf_fit
44.26,1.02,0.0,85.0,72.0,0.8745,hf_fit
49.08,4.71,0.0,100.0,80.0,0.7013,hf_fit
30.94,7.74,0.0,85.0,80.0,0.1725,hf_fit
68.49,9.73,100.0,100.0,80.0,0.0657,hf_fit
57.24,5.45,0.0,85.0,80.0,0.2832,hf_fit
35.4,5.16,60.0,90.0,80.0,0.1689,hf_fit
37.6,7.09,80.0,50.0,80.0,0.1348,hf_fit
34.8,11.71,50.0,90.0,80.0,0.1908,hf_fit
17.67,6.0,100.0,100.0,72.0,0.0642,hf_fit
44.17,21.43,100.0,90.0,80.0,0.6977,hf_fit
36.32,9.14,100.0,85.0,80.0,0.6591,hf_fit
47.19,7.35,75.0,90.0,80.0,0.768,hf_fit
41.06,4.73,40.0,80.0,80.0,0.2149,hf_fit
32.2,6.04,80.0,90.0,80.0,0.1234,hf_fit
60.56,4.9,25.0,90.0,80.0,0.1604,hf_fit
55.34,1.42,25.0,80.0,80.0,0.7912,hf_fit
35.34,2.26,70.0,85.0,80.0,0.2674,hf_fit
38.52,4.16,100.0,80.0,80.0,0.6664,hf_fit
22.39,4.62,0.0,90.0,80.0,0.8439,hf_fit
47.14,4.09,50.0,50.0,80.0,0.0517,hf_fit
56.28,14.4,0.0,90.0,80.0,0.7633,hf_fit
41.67,0.0,80.0,85.0,80.0,0.7811,hf_fit
43.87,8.42,100.0,100.0,80.0,0.2945,hf_fit
29.4,2.86,100.0,85.0,80.0,0.7602,hf_fit
33.5,3.67,25.0,50.0,80.0,0.0584,hf_fit
31.77,2.45,100.0,90.0,80.0,0.2414,hf_fit
43.02,6.56,25.0,80.0,80.0,0.062,hf_fit
41.16,1.46,0.0,80.0,80.0,0.7502,hf_fit
36.24,2.45,0.0,100.0,80.0,0.1502,hf_fit
49.71,36.0,80.0,85.0,80.0,0.7899,hf_fit
38.24,0.0,0.0,80.0,80.0,0.6888,hf_fit
24.44,2.05,0.0,90.0,80.0,0.23,hf_fit
41.28,6.26,25.0,50.0,80.0,0.6955,hf_fit
60.98,10.38,25.0,80.0,80.0,0.8654,hf_fit
22.88,4.57,100.0,50.0,80.0,0.8865,hf_fit
54.97,4.96,70.0,85.0,80.0,0.7433,hf_fit
24.11,3.08,0.0,100.0,80.0,0.1445,hf_fit
50.35,2.49,50.0,50.0,80.0,0.7177,hf_fit
28.12,3.64,40.0,50.0,80.0,0.0815,hf_fit
25.68,2.83,0.0,90.0,80.0,0.057,hf_fit
59.82,7.83,0.0,80.0,80.0,0.811,hf_fit
40.33,3.21,100.0,80.0,80.0,0.1377,hf_fit
31.61,1.35,100.0,50.0,80.0,0.2698,hf_fit
22.02,0.0,60.0,80.0,80.0,0.2518,hf_fit
54.82,11.76,100.0,85.0,80.0,0.7522,hf_fit
37.04,5.85,0.0,100.0,80.0,0.2111,hf_fit
40.65,2.95,25.0,85.0,80.0,0.1323,hf_fit
30.8,2.35,0.0,80.0,80.0,0.6563,hf_fit
36.34,1.82,100.0,100.0,80.0,0.1645,hf_fit
67.51,8.08,25.0,90.0,80.0,0.689,hf_fit
36.51,3.45,100.0,50.0,80.0,0.1193,hf_fit
56.91,9.06,0.0,80.0,80.0,0.829,hf_fit
35.61,13.6,100.0,85.0,80.0,0.8147,hf_fit
55.46,3.75,100.0,85.0,80.0,0.6568,hf_fit
51.41,1.15,25.0,30.0,80.0,0.7055,hf_fit
62.5,5.45,50.0,100.0,80.0,0.1385,hf_fit
46.85,2.91,60.0,80.0,80.0,0.3172,hf_fit
30.31,0.0,25.0,80.0,80.0,0.1237,hf_fit
52.64,2.11,50.0,85.0,72.0,0.7078,hf_fit
29.53,2.31,25.0,90.0,72.0,0.1179,hf_fit
45.37,7.5,25.0,85.0,80.0,0.3115,hf_fit
30.23,2.58,90.0,85.0,80.0,0.818,hf_fit
52.98,25.26,100.0,85.0,80.0,0.6549,hf_fit
44.13,4.66,0.0,90.0,80.0,0.2519,hf_fit
52.6,13.33,100.0,85.0,80.0,0.676,hf_fit
51.99,4.51,25.0,80.0,80.0,0.85,hf_fit
29.42,1.73,75.0,90.0,80.0,0.167,hf_fit
37.69,1.25,50.0,80.0,80.0,0.1104,hf_fit
67.7,3.96,50.0,30.0,80.0,0.6946,hf_fit
46.78,11.91,50.0,80.0,80.0,0.2564,hf_fit
29.61,1.8,25.0,30.0,72.0,0.2686,hf_fit
41.74,1.03,75.0,80.0,80.0,0.8132,hf_fit
41.09,26.8,40.0,90.0,80.0,0.7095,hf_fit
22.41,1.43,80.0,85.0,80.0,0.6749,hf_fit
44.01,4.68,100.0,90.0,80.0,0.7108,hf_fit
40.65,0.0,50.0,90.0,80.0,0.1559,hf_fit
35.15,2.86,70.0,85.0,80.0,0.8306,hf_fit
32.4,3.47,0.0,80.0,80.0,0.1974,hf_fit
23.09,4.9,40.0,90.0,80.0,0.3161,hf_fit
39.75,1.85,80.0,90.0,80.0,0.8639,hf_fit
30.94,4.93,0.0,80.0,80.0,0.8576,hf_fit
41.47,4.39,100.0,90.0,80.0,0.7493,hf_fit
14.8,2.62,75.0,90.0,80.0,0.1568,hf_fit
31.56,3.67,0.0,50.0,72.0,0.1086,hf_fit
30.6,5.18,40.0,90.0,80.0,0.1499,hf_fit
29.47,6.67,100.0,85.0,80.0,0.1012,hf_fit
36.52,2.67,0.0,30.0,72.0,0.3122,hf_fit
55.85,5.22,0.0,80.0,80.0,0.817,hf_fit
40.95,2.08,50.0,80.0,80.0,0.7012,hf_fit
31.05,5.45,100.0,85.0,80.0,0.7233,hf_fit
42.37,2.26,0.0,85.0,80.0,0.2213,hf_fit
22.38,5.71,0.0,85.0,80.0,0.1735,hf_fit
41.2,5.93,0.0,80.0,80.0,0.8741,hf_fit
41.92,6.43,70.0,100.0,80.0,0.6533,hf_fit
60.6,3.48,50.0,85.0,80.0,0.1968,hf_fit
38.4,0.0,0.0,85.0,72.0,0.6714,hf_fit
43.08,5.22,90.0,85.0,80.0,0.702,hf_fit
20.06,3.36,90.0,90.0,80.0,0.203,hf_fit
32.64,0.0,0.0,85.0,80.0,0.176,hf_fit
47.34,1.33,100.0,50.0,80.0,0.6566,hf_fit
50.16,36.0,100.0,100.0,80.0,0.1515,hf_fit
49.08,4.62,25.0,80.0,80.0,0.6954,hf_fit
64.73,3.2,0.0,80.0,80.0,0.7958,hf_fit
32.28,0.0,25.0,85.0,80.0,0.7554,hf_fit
35.89,4.69,25.0,90.0,80.0,0.1834,hf_fit
41.22,2.28,100.0,50.0,80.0,0.2684,hf_fit
44.43,2.73,50.0,85.0,80.0,0.8732,hf_fit
51.77,9.52,100.0,85.0,80.0,0.8544,hf_fit
23.56,0.72,50.0,85.0,80.0,0.106,hf_fit
45.92,0.0,100.0,90.0,80.0,0.2768,hf_fit
39.61,9.23,100.0,90.0,80.0,0.7355,hf_fit
51.6,9.77,0.0,30.0,80.0,0.1861,hf_fit
47.74,5.55,0.0,80.0,80.0,0.7149,hf_fit
43.59,16.15,100.0,90.0,80.0,0.1351,hf_fit
46.79,7.54,0.0,90.0,80.0,0.0686,hf_fit
22.88,0.95,75.0,80.0,80.0,0.0783,hf_fit
55.4,4.47,25.0,85.0,80.0,0.7449,hf_fit
45.75,10.53,90.0,80.0,80.0,0.198,hf_fit
36.98,5.85,0.0,90.0,80.0,0.7976,hf_fit
28.98,1.29,100.0,90.0,72.0,0.0949,hf_fit
35.76,5.8,0.0,80.0,80.0,0.2411,hf_fit
50.7,11.85,0.0,80.0,80.0,0.2257,hf_fit
70.95,7.33,0.0,30.0,80.0,0.2109,hf_fit
21.28,3.08,0.0,90.0,80.0,0.3153,hf_fit
14.63,1.71,50.0,30.0,72.0,0.2824,hf_fit
45.56,14.74,0.0,50.0,80.0,0.3134,hf_fit
45.52,15.0,100.0,85.0,80.0,0.3088,hf_fit
63.15,9.23,80.0,85.0,80.0,0.717,hf_fit
32.82,4.09,0.0,80.0,80.0,0.2208,hf_fit
41.36,0.0,100.0,100.0,80.0,0.1298,hf_fit
37.27,5.33,0.0,50.0,80.0,0.806,hf_fit
48.46,2.55,0.0,100.0,72.0,0.074,hf_fit
17.26,1.41,25.0,100.0,72.0,0.7524,hf_fit
47.51,7.41,0.0,80.0,80.0,0.2254,hf_fit
24.32,7.55,100.0,50.0,80.0,0.0773,hf_fit
31.48,4.53,0.0,80.0,80.0,0.1006,hf_fit
17.84,0.0,100.0,85.0,80.0,0.1742,hf_fit
38.32,0.0,100.0,85.0,80.0,0.1338,hf_fit
40.69,7.74,100.0,80.0,80.0,0.167,hf_fit
43.0,4.29,100.0,85.0,80.0,0.788,hf_fit
36.7,0.0,50.0,85.0,80.0,0.2883,hf_fit
44.47,3.36,40.0,85.0,80.0,0.3115,hf_fit
61.84,12.31,25.0,80.0,80.0,0.759,hf_fit
37.91,5.77,25.0,80.0,80.0,0.7236,hf_fit
42.44,8.89,100.0,80.0,80.0,0.1991,hf_fit
26.94,4.34,75.0,50.0,80.0,0.3058,hf_fit
57.78,7.16,0.0,85.0,80.0,0.2271,hf_fit
47.17,4.71,100.0,80.0,80.0,0.8871,hf_fit
47.56,5.45,0.0,85.0,80.0,0.8409,hf_fit
42.87,10.53,100.0,100.0,80.0,0.685,hf_fit
59.9,6.32,100.0,100.0,80.0,0.8671,hf_fit
53.63,6.32,50.0,85.0,80.0,0.7719,hf_fit
37.94,5.03,100.0,100.0,80.0,0.307,hf_fit
40.53,10.43,25.0,85.0,80.0,0.1949,hf_fit
31.54,1.8,25.0,80.0,72.0,0.8736,hf_fit
43.46,14.07,75.0,50.0,80.0,0.0852,hf_fit
30.16,5.71,0.0,50.0,80.0,0.2069,hf_fit
42.8,3.75,25.0,100.0,80.0,0.2642,hf_fit
58.58,7.06,25.0,90.0,80.0,0.1351,hf_fit
39.49,2.73,100.0,100.0,72.0,0.2956,hf_fit
50.52,3.5,100.0,30.0,80.0,0.85,hf_fit
42.2,2.26,0.0,50.0,80.0,0.7563,hf_fit
38.18,0.0,0.0,85.0,80.0,0.2276,hf_fit
61.67,3.2,0.0,90.0,80.0,0.6556,hf_fit
31.06,0.0,0.0,100.0,72.0,0.2047,hf_fit
52.83,3.36,50.0,50.0,80.0,0.7172,hf_fit
36.49,6.49,50.0,100.0,80.0,0.7854,hf_fit
35.26,3.81,100.0,90.0,80.0,0.3128,hf_fit
29.36,2.86,40.0,85.0,80.0,0.8084,hf_fit
38.31,0.0,100.0,85.0,80.0,0.267,hf_fit
41.23,4.66,100.0,85.0,80.0,0.7145,hf_fit
43.88,4.38,60.0,30.0,80.0,0.6848,hf_fit
41.21,7.83,100.0,85.0,80.0,0.8587,hf_fit
43.85,5.45,0.0,85.0,80.0,0.8961,hf_fit
67.66,11.81,50.0,90.0,80.0,0.7814,hf_fit
38.82,9.06,0.0,85.0,80.0,0.6929,hf_fit
53.45,42.0,100.0,100.0,80.0,0.236,hf_fit
62.45,6.12,0.0,80.0,80.0,0.1245,hf_fit
61.15,15.0,75.0,80.0,80.0,0.7181,hf_fit
34.06,20.0,60.0,85.0,80.0,0.3172,hf_fit
32.98,10.53,100.0,100.0,80.0,0.1978,hf_fit
29.78,4.86,0.0,90.0,80.0,0.6546,hf_fit
33.12,1.02,100.0,85.0,80.0,0.8786,hf_fit
50.07,6.79,0.0,30.0,80.0,0.263,hf_fit
32.07,2.45,75.0,90.0,80.0,0.2109,hf_fit
26.62,5.27,50.0,90.0,80.0,0.6794,hf_fit
49.44,5.0,75.0,50.0,80.0,0.7941,hf_fit
23.35,0.0,100.0,85.0,80.0,0.3123,hf_fit
56.18,4.17,80.0,85.0,80.0,0.7185,hf_fit
30.26,2.71,25.0,50.0,60.0,0.1014,hf_fit
57.9,2.96,0.0,30.0,72.0,0.1913,hf_fit
39.24,6.15,0.0,80.0,80.0,0.7885,hf_fit
44.55,4.0,100.0,80.0,80.0,0.8129,hf_fit
47.4,10.43,25.0,85.0,72.0,0.8574,hf_fit
51.43,3.13,100.0,85.0,80.0,0.0654,hf_fit
49.95,0.0,100.0,60.0,80.0,0.7016,hf_fit
60.16,6.79,0.0,80.0,80.0,0.6527,hf_fit
42.54,2.29,75.0,90.0,60.0,0.6842,hf_fit
34.53,7.32,0.0,30.0,80.0,0.875,hf_fit
47.11,12.86,100.0,90.0,80.0,0.0775,hf_fit
42.61,6.49,100.0,85.0,80.0,0.8685,hf_fit
30.99,3.13,100.0,85.0,80.0,0.7994,hf_fit
23.62,2.61,80.0,85.0,80.0,0.111,hf_fit
39.65,8.0,75.0,80.0,80.0,0.2544,hf_fit
58.14,1.88,25.0,30.0,80.0,0.8001,hf_fit
18.47,1.3,25.0,30.0,80.0,0.2863,hf_fit
29.53,1.48,100.0,80.0,80.0,0.1656,hf_fit
46.39,2.67,100.0,50.0,80.0,0.8163,hf_fit
41.16,0.94,25.0,50.0,80.0,0.208,hf_fit
46.64,16.77,0.0,60.0,80.0,0.6938,hf_fit
38.31,8.89,0.0,80.0,80.0,0.8786,hf_fit
34.33,3.87,100.0,80.0,80.0,0.1203,hf_fit
44.41,20.0,80.0,85.0,80.0,0.3011,hf_fit
42.93,4.16,100.0,90.0,80.0,0.7547,hf_fit
33.5,2.81,100.0,80.0,80.0,0.7458,hf_fit
36.99,0.0,100.0,30.0,80.0,0.2037,hf_fit
63.75,15.92,0.0,80.0,80.0,0.7797,hf_fit
45.5,8.28,40.0,90.0,80.0,0.6617,hf_fit
46.0,7.89,100.0,50.0,80.0,0.6916,hf_fit
56.47,11.57,25.0,85.0,80.0,0.8345,hf_fit
31.46,7.06,100.0,50.0,80.0,0.6707,hf_fit
15.91,7.21,75.0,90.0,80.0,0.2056,hf_fit
45.11,5.06,100.0,100.0,80.0,0.8008,hf_fit
47.61,2.98,25.0,50.0,80.0,0.7113,hf_fit
50.97,8.72,100.0,80.0,80.0,0.7473,hf_fit
34.19,4.38,100.0,85.0,80.0,0.2245,hf_fit
56.45,6.71,25.0,80.0,80.0,0.7222,hf_fit
58.94,4.29,100.0,80.0,80.0,0.7389,hf_fit
46.73,8.0,0.0,90.0,80.0,0.8298,hf_fit
32.15,2.29,100.0,100.0,80.0,0.2933,hf_fit
44.2,4.29,60.0,85.0,80.0,0.7243,hf_fit
38.29,3.36,25.0,85.0,72.0,0.7916,hf_fit
29.03,2.05,0.0,30.0,72.0,0.2459,hf_fit
35.88,5.45,0.0,100.0,80.0,0.2291,hf_fit
38.4,1.18,100.0,50.0,72.0,0.2439,hf_fit
31.83,0.0,100.0,90.0,80.0,0.2173,hf_fit
44.55,3.43,0.0,85.0,80.0,0.769,hf_fit
51.2,12.0,0.0,90.0,80.0,0.8159,hf_fit
44.71,9.23,75.0,90.0,80.0,0.1298,hf_fit
48.75,3.75,0.0,100.0,80.0,0.1116,hf_fit
41.34,8.37,0.0,80.0,80.0,0.2753,hf_fit
42.48,8.18,75.0,85.0,80.0,0.8842,hf_fit
38.39,2.67,25.0,50.0,80.0,0.8331,hf_fit
54.19,24.0,100.0,100.0,80.0,0.7037,hf_fit
58.55,0.0,0.0,100.0,80.0,0.2421,hf_fit
39.21,2.86,100.0,85.0,80.0,0.6578,hf_fit
47.84,5.68,0.0,80.0,80.0,0.7156,hf_fit
33.81,2.11,100.0,100.0,80.0,0.0528,hf_fit
42.99,2.96,25.0,80.0,80.0,0.1722,hf_fit
34.44,8.78,50.0,90.0,80.0,0.244,hf_fit
57.51,8.85,25.0,100.0,80.0,0.7988,hf_fit
26.65,0.92,40.0,90.0,80.0,0.2099,hf_fit
